Workbook

Sheet A_Experiment_1
A1: Reactor | B1: Date | C1: Day | D1: DOcathode [mg/L] | E1: ECcathode [mS/cm] | F1: Temp. [C] | G1: pHanode | H1: pHcathode | I1: Pot. [mV] | J1: Ref. Pot. Anode [mV] | K1: Ref. Pot. Cathode [mV] | L1: H2S [mg/L] | M1: SO4^2-anode [mg/L] | N1: Strøm [mA] | O1: Current/volume [mA/L] | P1: Power [muW] | Q1: Power/area [W/m2] | R1: Power/volume [W/L] | S1: H [mol] | T1: S1 [mol/L] | U1: S2 [mol/L] | V1: Tot_S [mol/L] | W1: Tot_S [mg/L]
A2: C1 | B2: 7.3 | C2: 0 | D2: 3.14 | E2: 19.86 | F2: 19.5 | G2: 7.29 | H2: 7.58 | I2: 2.84 | J2: -238.3 | K2: -235.7 | L2: 0.174 | M2: =62.3*10 -> 623 | N2: =I2/1000 -> 0.00284 | O2: =N2/0.4 -> 0.0071 | P2: =N2*I2 -> 0.0080656 | Q2: =(P2*10^-6)/D_Calculation_electrode_area!$H$22 -> 4.480888e-13 | R2: =(P2*10^-6)/0.4 -> 2.0164e-08 | S2: =10^-G2 -> 5.1286138e-08 | T2: =(M2*10^-3/$Z$4) -> 0.0064853543 | U2: =(L2*10^-3/$Z$3) -> 5.105502e-06 | V2: 0.0064904598 | W2: =V2*$Z$5*10^3 -> 208.11659 | Z2: Molarmass | AA2: Unit
A3: C2 | B3: 7.3 | C3: 0 | D3: 4.71 | E3: 20 | F3: 19.4 | G3: 7.34 | H3: 7.45 | I3: 20.9 | J3: -336.4 | K3: -315.7 | L3: 0.274 | M3: =65.8*10 -> 658 | N3: =I3/1000 -> 0.0209 | O3: =N3/0.4 -> 0.05225 | P3: =N3*I3 -> 0.43681 | Q3: =(P3*10^-6)/D_Calculation_electrode_area!$H$22 -> 2.4267217e-11 | R3: =(P3*10^-6)/0.4 -> 1.092025e-06 | S3: =10^-G3 -> 4.5708819e-08 | T3: =(M3*10^-3/$Z$4) -> 0.0068497001 | U3: =(L3*10^-3/$Z$3) -> 8.0396985e-06 | V3: 0.0068577398 | W3: =V3*$Z$5*10^3 -> 219.89343 | Y3: M_H2S | Z3: 34.08088 | AA3: g/mol
A4: C3 | B4: 7.3 | C4: 0 | D4: 5.54 | E4: 19.98 | F4: 19.3 | G4: 7.39 | H4: 7.72 | I4: -4.02 | J4: -230.9 | K4: -226 | L4: 0.284 | M4: =54.8*10 -> 548 | N4: =I4/1000 -> -0.00402 | O4: =N4/0.4 -> -0.01005 | P4: =N4*I4 -> 0.0161604 | Q4: =(P4*10^-6)/D_Calculation_electrode_area!$H$22 -> 8.9779982e-13 | R4: =(P4*10^-6)/0.4 -> 4.0401e-08 | S4: =10^-G4 -> 4.0738028e-08 | T4: =(M4*10^-3/$Z$4) -> 0.0057046134 | U4: =(L4*10^-3/$Z$3) -> 8.3331182e-06 | V4: 0.0057129466 | W4: =V4*$Z$5*10^3 -> 183.18563 | Y4: M_SO4 | Z4: 96.0626 | AA4: g/mol
A5: CC1 | B5: 7.3 | C5: 0 | D5: 4.74 | E5: 20 | F5: 19.7 | G5: 7.29 | H5: 7.79 | I5: -396.2 | J5: -458.1 | K5: -52.32 | L5: 0.344 | M5: =62.9*10 -> 629 | N5: =I5/1000 -> -0.3962 | O5: =N5/0.4 -> -0.9905 | P5: =N5*I5 -> 156.97444 | Q5: =(P5*10^-6)/D_Calculation_electrode_area!$H$22 -> 8.7208005e-09 | R5: =(P5*10^-6)/0.4 -> 0.0003924361 | S5: =10^-G5 -> 5.1286138e-08 | T5: =(M5*10^-3/$Z$4) -> 0.0065478136 | U5: =(L5*10^-3/$Z$3) -> 1.0093636e-05 | V5: 0.0065579072 | W5: =V5*$Z$5*10^3 -> 210.2793 | Y5: M_S | Z5: =32.065 -> 32.065 | AA5: g/mol
A6: CC2 | B6: 7.3 | C6: 0 | D6: 6.11 | E6: 20.1 | F6: 19.7 | G6: 7.26 | H6: 7.86 | I6: =-660 -> -660 | J6: -460.4 | K6: 215.15 | L6: 0.434 | M6: =56.5*10 -> 565 | N6: =I6/1000 -> -0.66 | O6: =N6/0.4 -> -1.65 | P6: =N6*I6 -> 435.6 | Q6: =(P6*10^-6)/D_Calculation_electrode_area!$H$22 -> 2.4199995e-08 | R6: =(P6*10^-6)/0.4 -> 0.001089 | S6: =10^-G6 -> 5.4954087e-08 | T6: =(M6*10^-3/$Z$4) -> 0.0058815814 | U6: =(L6*10^-3/$Z$3) -> 1.2734413e-05 | V6: 0.0058943158 | W6: =V6*$Z$5*10^3 -> 189.00124
A7: CC3 | B7: 7.3 | C7: 0 | D7: 5.71 | E7: 20 | F7: 19.8 | G7: 7.25 | H7: 7.83 | I7: -437.2 | J7: -451 | K7: -11.58 | L7: 0.333 | M7: =63.1*10 -> 631 | N7: =I7/1000 -> -0.4372 | O7: =N7/0.4 -> -1.093 | P7: =N7*I7 -> 191.14384 | Q7: =(P7*10^-6)/D_Calculation_electrode_area!$H$22 -> 1.06191e-08 | R7: =(P7*10^-6)/0.4 -> 0.0004778596 | S7: =10^-G7 -> 5.6234133e-08 | T7: =(M7*10^-3/$Z$4) -> 0.0065686334 | U7: =(L7*10^-3/$Z$3) -> 9.7708745e-06 | V7: 0.0065784042 | W7: =V7*$Z$5*10^3 -> 210.93653
A8: S1 | B8: 7.3 | C8: 0 | D8: 6.62 | E8: 20 | F8: 19.4 | G8: 7.36 | H8: 7.99 | I8: -3.53 | J8: -183.7 | K8: -180.5 | L8: 0.218 | M8: =65*10 -> 650 | N8: =I8/1000 -> -0.00353 | O8: =N8/0.4 -> -0.008825 | P8: =N8*I8 -> 0.0124609 | Q8: =(P8*10^-6)/D_Calculation_electrode_area!$H$21 -> 3.4437049e-06 | R8: =(P8*10^-6)/0.4 -> 3.115225e-08 | S8: =10^-G8 -> 4.3651583e-08 | T8: =(M8*10^-3/$Z$4) -> 0.0067664211 | U8: =(L8*10^-3/$Z$3) -> 6.3965484e-06 | V8: 0.0067728176 | W8: =V8*$Z$5*10^3 -> 217.1704
A9: S2 | B9: 7.3 | C9: 0 | D9: 6.63 | E9: 18.98 | F9: 19.4 | G9: 7.36 | H9: 7.9 | I9: -3.83 | J9: -216.1 | K9: -213.9 | L9: 0.377 | M9: =67.8*10 -> 678 | N9: =I9/1000 -> -0.00383 | O9: =N9/0.4 -> -0.009575 | P9: =N9*I9 -> 0.0146689 | Q9: =(P9*10^-6)/D_Calculation_electrode_area!$H$21 -> 4.0539097e-06 | R9: =(P9*10^-6)/0.4 -> 3.667225e-08 | S9: =10^-G9 -> 4.3651583e-08 | T9: =(M9*10^-3/$Z$4) -> 0.0070578977 | U9: =(L9*10^-3/$Z$3) -> 1.1061921e-05 | V9: 0.0070689596 | W9: =V9*$Z$5*10^3 -> 226.66619
A10: S3 | B10: 7.3 | C10: 0 | D10: 6.49 | E10: 20 | F10: 19.4 | G10: 7.25 | H10: 8.04 | I10: -2.77 | J10: -208.9 | K10: -206 | L10: 1.17 | M10: =61.4*10 -> 614 | N10: =I10/1000 -> -0.00277 | O10: =N10/0.4 -> -0.006925 | P10: =N10*I10 -> 0.0076729 | Q10: =(P10*10^-6)/D_Calculation_electrode_area!$H$21 -> 2.1204892e-06 | R10: =(P10*10^-6)/0.4 -> 1.918225e-08 | S10: =10^-G10 -> 5.6234133e-08 | T10: =(M10*10^-3/$Z$4) -> 0.0063916654 | U10: =(L10*10^-3/$Z$3) -> 3.4330099e-05 | V10: 0.0064259955 | W10: =V10*$Z$5*10^3 -> 206.04955
A11: RC1 | B11: 7.3 | C11: 0 | D11: 5.71 | E11: 20.1 | F11: 19.7 | G11: 7.36 | H11: 7.94 | L11: 0.479 | M11: =56.7*10 -> 567 | S11: =10^-G11 -> 4.3651583e-08 | T11: =(M11*10^-3/$Z$4) -> 0.0059024011 | U11: =(L11*10^-3/$Z$3) -> 1.4054801e-05 | V11: 0.0059164559 | W11: =V11*$Z$5*10^3 -> 189.71116
A12: RC2 | B12: 7.3 | C12: 0 | D12: 5.17 | E12: 19.99 | F12: 19.6 | G12: 7.32 | H12: 7.89 | L12: 0.297 | M12: =62.6*10 -> 626 | S12: =10^-G12 -> 4.7863009e-08 | T12: =(M12*10^-3/$Z$4) -> 0.006516584 | U12: =(L12*10^-3/$Z$3) -> 8.7145637e-06 | V12: 0.0065252985 | W12: =V12*$Z$5*10^3 -> 209.2337
A13: RC3 | B13: 7.3 | C13: 0 | D13: 5.86 | E13: 20.1 | F13: 19.7 | G13: 7.38 | H13: 7.86 | L13: 0.291 | M13: =57.1*10 -> 571 | S13: =10^-G13 -> 4.1686938e-08 | T13: =(M13*10^-3/$Z$4) -> 0.0059440407 | U13: =(L13*10^-3/$Z$3) -> 8.5385119e-06 | V13: 0.0059525792 | W13: =V13*$Z$5*10^3 -> 190.86945
A14: SC1 | B14: 7.3 | C14: 0 | W14: =V14*$Z$5*10^3 -> 0
A15: SC2 | B15: 7.3 | C15: 0 | W15: =V15*$Z$5*10^3 -> 0
A16: SC3 | B16: 7.3 | C16: 0 | W16: =V16*$Z$5*10^3 -> 0
A17: C1 | B17: 9.3 | C17: 2 | D17: 5.74 | E17: 19.91 | F17: 18.4 | G17: 7.48 | H17: 7.64 | I17: -26.34 | J17: -405.1 | K17: -378.1 | N17: =I17/1000 -> -0.02634 | O17: =N17/0.4 -> -0.06585 | P17: =N17*I17 -> 0.6937956 | Q17: =(P17*10^-6)/D_Calculation_electrode_area!$H$22 -> 3.8544192e-11 | R17: =(P17*10^-6)/0.4 -> 1.734489e-06 | S17: =10^-G17 -> 3.3113112e-08 | W17: =V17*$Z$5*10^3 -> 0
A18: C2 | B18: 9.3 | C18: 2 | D18: 6.43 | E18: 20.3 | F18: 18.5 | G18: 7.51 | H18: 7.76 | I18: -26.61 | J18: -380.13 | K18: -353.4 | N18: =I18/1000 -> -0.02661 | O18: =N18/0.4 -> -0.066525 | P18: =N18*I18 -> 0.7080921 | Q18: =(P18*10^-6)/D_Calculation_electrode_area!$H$22 -> 3.9338442e-11 | R18: =(P18*10^-6)/0.4 -> 1.7702302e-06 | S18: =10^-G18 -> 3.0902954e-08 | W18: =V18*$Z$5*10^3 -> 0
A19: C3 | B19: 9.3 | C19: 2 | D19: 6.95 | E19: 20.2 | F19: 18.4 | G19: 7.52 | H19: 7.94 | I19: -23.13 | J19: -402 | K19: -378.8 | N19: =I19/1000 -> -0.02313 | O19: =N19/0.4 -> -0.057825 | P19: =N19*I19 -> 0.5349969 | Q19: =(P19*10^-6)/D_Calculation_electrode_area!$H$22 -> 2.9722044e-11 | R19: =(P19*10^-6)/0.4 -> 1.3374922e-06 | S19: =10^-G19 -> 3.0199517e-08 | W19: =V19*$Z$5*10^3 -> 0
A20: CC1 | B20: 9.3 | C20: 2 | D20: 7.65 | E20: 20.3 | F20: 18.8 | G20: 7.52 | H20: 7.91 | I20: -455.9 | J20: -459.7 | K20: 4.16 | N20: =I20/1000 -> -0.4559 | O20: =N20/0.4 -> -1.13975 | P20: =N20*I20 -> 207.84481 | Q20: =(P20*10^-6)/D_Calculation_electrode_area!$H$22 -> 1.1546932e-08 | R20: =(P20*10^-6)/0.4 -> 0.00051961202 | S20: =10^-G20 -> 3.0199517e-08 | W20: =V20*$Z$5*10^3 -> 0
A21: CC2 | B21: 9.3 | C21: 2 | D21: 7.26 | E21: 20.3 | F21: 18.8 | G21: 7.5 | H21: 7.88 | I21: =-0.713*1000 -> -713 | J21: -448.9 | K21: 263.1 | N21: =I21/1000 -> -0.713 | O21: =N21/0.4 -> -1.7825 | P21: =N21*I21 -> 508.369 | Q21: =(P21*10^-6)/D_Calculation_electrode_area!$H$22 -> 2.8242717e-08 | R21: =(P21*10^-6)/0.4 -> 0.0012709225 | S21: =10^-G21 -> 3.1622777e-08 | W21: =V21*$Z$5*10^3 -> 0
A22: CC3 | B22: 9.3 | C22: 2 | D22: 7.18 | E22: 20.3 | F22: 18.8 | G22: 7.45 | H22: 7.89 | I22: =-0.477*1000 -> -477 | J22: -450.5 | K22: 26.52 | N22: =I22/1000 -> -0.477 | O22: =N22/0.4 -> -1.1925 | P22: =N22*I22 -> 227.529 | Q22: =(P22*10^-6)/D_Calculation_electrode_area!$H$22 -> 1.2640497e-08 | R22: =(P22*10^-6)/0.4 -> 0.0005688225 | S22: =10^-G22 -> 3.5481339e-08 | W22: =V22*$Z$5*10^3 -> 0
A23: S1 | B23: 9.3 | C23: 2 | D23: 6.74 | E23: 20.2 | F23: 18.6 | G23: 7.51 | H23: 7.85 | I23: -14.76 | J23: -303.1 | K23: -288.8 | N23: =I23/1000 -> -0.01476 | O23: =N23/0.4 -> -0.0369 | P23: =N23*I23 -> 0.2178576 | Q23: =(P23*10^-6)/D_Calculation_electrode_area!$H$21 -> 6.0207312e-05 | R23: =(P23*10^-6)/0.4 -> 5.44644e-07 | S23: =10^-G23 -> 3.0902954e-08 | W23: =V23*$Z$5*10^3 -> 0
A24: S2 | B24: 9.3 | C24: 2 | D24: 7.15 | E24: 20.3 | F24: 18.6 | G24: 7.54 | H24: 8.05 | I24: -29.61 | J24: -387.6 | K24: -358.1 | N24: =I24/1000 -> -0.02961 | O24: =N24/0.4 -> -0.074025 | P24: =N24*I24 -> 0.8767521 | Q24: =(P24*10^-6)/D_Calculation_electrode_area!$H$21 -> 0.00024229996 | R24: =(P24*10^-6)/0.4 -> 2.1918802e-06 | S24: =10^-G24 -> 2.8840315e-08 | W24: =V24*$Z$5*10^3 -> 0
A25: S3 | B25: 9.3 | C25: 2 | D25: 7.17 | E25: 20.3 | F25: 18.5 | G25: 7.43 | H25: 8.2 | I25: -26.67 | J25: -385 | K25: -358.4 | N25: =I25/1000 -> -0.02667 | O25: =N25/0.4 -> -0.066675 | P25: =N25*I25 -> 0.7112889 | Q25: =(P25*10^-6)/D_Calculation_electrode_area!$H$21 -> 0.00019657241 | R25: =(P25*10^-6)/0.4 -> 1.7782223e-06 | S25: =10^-G25 -> 3.7153523e-08 | W25: =V25*$Z$5*10^3 -> 0
A26: RC1 | B26: 9.3 | C26: 2 | D26: 8.05 | E26: 20.3 | F26: 18.8 | G26: 7.51 | H26: 8.04 | S26: =10^-G26 -> 3.0902954e-08 | W26: =V26*$Z$5*10^3 -> 0
A27: RC2 | B27: 9.3 | C27: 2 | D27: 7.15 | E27: 20.3 | F27: 18.8 | G27: 7.56 | H27: 7.95 | S27: =10^-G27 -> 2.7542287e-08 | W27: =V27*$Z$5*10^3 -> 0
A28: RC3 | B28: 9.3 | C28: 2 | D28: 7.42 | E28: 20.4 | F28: 18.8 | G28: 7.51 | H28: 8.01 | S28: =10^-G28 -> 3.0902954e-08 | W28: =V28*$Z$5*10^3 -> 0
A29: SC1 | B29: 9.3 | C29: 2 | D29: 8.87 | E29: 19.84 | F29: 19 | G29: 7.71 | H29: 8.34 | I29: -442.9 | J29: -420.3 | K29: 22.88 | N29: =I29/1000 -> -0.4429 | O29: =N29/0.4 -> -1.10725 | P29: =N29*I29 -> 196.16041 | Q29: =(P29*10^-6)/D_Calculation_electrode_area!$H$21 -> 0.054211058 | R29: =(P29*10^-6)/0.4 -> 0.00049040102 | S29: =10^-G29 -> 1.9498446e-08 | W29: =V29*$Z$5*10^3 -> 0
A30: SC2 | B30: 9.3 | C30: 2 | D30: 8.98 | E30: 19.79 | F30: 19.1 | G30: 7.75 | H30: 8.37 | I30: -494 | J30: -337.2 | K30: 55.11 | N30: =I30/1000 -> -0.494 | O30: =N30/0.4 -> -1.235 | P30: =N30*I30 -> 244.036 | Q30: =(P30*10^-6)/D_Calculation_electrode_area!$H$21 -> 0.067441997 | R30: =(P30*10^-6)/0.4 -> 0.00061009 | S30: =10^-G30 -> 1.7782794e-08 | W30: =V30*$Z$5*10^3 -> 0
A31: SC3 | B31: 9.3 | C31: 2 | D31: 9.01 | E31: 19.89 | F31: 19.2 | G31: 7.81 | H31: 8.36 | I31: -477.2 | J31: -331.4 | K31: 39.07 | N31: =I31/1000 -> -0.4772 | O31: =N31/0.4 -> -1.193 | P31: =N31*I31 -> 227.71984 | Q31: =(P31*10^-6)/D_Calculation_electrode_area!$H$21 -> 0.062932849 | R31: =(P31*10^-6)/0.4 -> 0.0005692996 | S31: =10^-G31 -> 1.5488166e-08 | W31: =V31*$Z$5*10^3 -> 0
A32: C1 | B32: 11.3 | C32: 4 | D32: 5.95 | E32: 20.2 | F32: 18.6 | G32: 7.36 | H32: 8.06 | I32: -18.56 | J32: -331.9 | K32: -313.3 | N32: =I32/1000 -> -0.01856 | O32: =N32/0.4 -> -0.0464 | P32: =N32*I32 -> 0.3444736 | Q32: =(P32*10^-6)/D_Calculation_electrode_area!$H$22 -> 1.9137418e-11 | R32: =(P32*10^-6)/0.4 -> 8.61184e-07 | S32: =10^-G32 -> 4.3651583e-08 | W32: =V32*$Z$5*10^3 -> 0
A33: C2 | B33: 11.3 | C33: 4 | D33: 6.72 | E33: 20.5 | F33: 18.5 | G33: 7.48 | H33: 8.28 | I33: -30.99 | J33: -390.3 | K33: -359.6 | N33: =I33/1000 -> -0.03099 | O33: =N33/0.4 -> -0.077475 | P33: =N33*I33 -> 0.9603801 | Q33: =(P33*10^-6)/D_Calculation_electrode_area!$H$22 -> 5.3354439e-11 | R33: =(P33*10^-6)/0.4 -> 2.4009502e-06 | S33: =10^-G33 -> 3.3113112e-08 | W33: =V33*$Z$5*10^3 -> 0
A34: C3 | B34: 11.3 | C34: 4 | D34: 6.95 | E34: 20.4 | F34: 18.5 | G34: 7.51 | H34: 8.21 | I34: -15.12 | J34: -344.7 | K34: -330 | N34: =I34/1000 -> -0.01512 | O34: =N34/0.4 -> -0.0378 | P34: =N34*I34 -> 0.2286144 | Q34: =(P34*10^-6)/D_Calculation_electrode_area!$H$22 -> 1.2700797e-11 | R34: =(P34*10^-6)/0.4 -> 5.71536e-07 | S34: =10^-G34 -> 3.0902954e-08 | W34: =V34*$Z$5*10^3 -> 0
A35: CC1 | B35: 11.3 | C35: 4 | D35: 7.23 | E35: 20.4 | F35: 18.8 | G35: 7.52 | H35: 8.18 | I35: -462.7 | J35: -453.7 | K35: 12.48 | N35: =I35/1000 -> -0.4627 | O35: =N35/0.4 -> -1.15675 | P35: =N35*I35 -> 214.09129 | Q35: =(P35*10^-6)/D_Calculation_electrode_area!$H$22 -> 1.1893958e-08 | R35: =(P35*10^-6)/0.4 -> 0.00053522822 | S35: =10^-G35 -> 3.0199517e-08 | W35: =V35*$Z$5*10^3 -> 0
A36: CC2 | B36: 11.3 | C36: 4 | D36: 7.23 | E36: 20.4 | F36: 18.9 | G36: 7.57 | H36: 8.16 | I36: -689 | J36: -435.8 | K36: 257.5 | N36: =I36/1000 -> -0.689 | O36: =N36/0.4 -> -1.7225 | P36: =N36*I36 -> 474.721 | Q36: =(P36*10^-6)/D_Calculation_electrode_area!$H$22 -> 2.6373384e-08 | R36: =(P36*10^-6)/0.4 -> 0.0011868025 | S36: =10^-G36 -> 2.6915348e-08 | W36: =V36*$Z$5*10^3 -> 0
A37: CC3 | B37: 11.3 | C37: 4 | D37: 7.08 | E37: 20.4 | F37: 18.8 | G37: 7.46 | H37: 8.12 | I37: -539.6 | J37: -449.1 | K37: 91.7 | N37: =I37/1000 -> -0.5396 | O37: =N37/0.4 -> -1.349 | P37: =N37*I37 -> 291.16816 | Q37: =(P37*10^-6)/D_Calculation_electrode_area!$H$22 -> 1.6176006e-08 | R37: =(P37*10^-6)/0.4 -> 0.0007279204 | S37: =10^-G37 -> 3.4673685e-08 | W37: =V37*$Z$5*10^3 -> 0
A38: S1 | B38: 11.3 | C38: 4 | D38: 6.67 | E38: 20.3 | F38: 18.7 | G38: 7.47 | H38: 8.17 | I38: -22.42 | J38: -341.5 | K38: -318.7 | N38: =I38/1000 -> -0.02242 | O38: =N38/0.4 -> -0.05605 | P38: =N38*I38 -> 0.5026564 | Q38: =(P38*10^-6)/D_Calculation_electrode_area!$H$21 -> 0.00013891455 | R38: =(P38*10^-6)/0.4 -> 1.256641e-06 | S38: =10^-G38 -> 3.3884416e-08 | W38: =V38*$Z$5*10^3 -> 0
A39: S2 | B39: 11.3 | C39: 4 | D39: 7.53 | E39: 20.4 | F39: 18.7 | G39: 7.43 | H39: 8.34 | I39: -32.34 | J39: -386.4 | K39: -354 | N39: =I39/1000 -> -0.03234 | O39: =N39/0.4 -> -0.08085 | P39: =N39*I39 -> 1.0458756 | Q39: =(P39*10^-6)/D_Calculation_electrode_area!$H$21 -> 0.00028903907 | R39: =(P39*10^-6)/0.4 -> 2.614689e-06 | S39: =10^-G39 -> 3.7153523e-08 | W39: =V39*$Z$5*10^3 -> 0
A40: S3 | B40: 11.3 | C40: 4 | D40: 7.63 | E40: 20.4 | F40: 18.7 | G40: 7.4 | H40: 8.38 | I40: -19.59 | J40: -349.8 | K40: -330 | N40: =I40/1000 -> -0.01959 | O40: =N40/0.4 -> -0.048975 | P40: =N40*I40 -> 0.3837681 | Q40: =(P40*10^-6)/D_Calculation_electrode_area!$H$21 -> 0.00010605848 | R40: =(P40*10^-6)/0.4 -> 9.5942025e-07 | S40: =10^-G40 -> 3.9810717e-08 | W40: =V40*$Z$5*10^3 -> 0
A41: RC1 | B41: 11.3 | C41: 4 | D41: 7.81 | E41: 20.5 | F41: 18.9 | G41: 7.48 | H41: 8.26 | S41: =10^-G41 -> 3.3113112e-08 | W41: =V41*$Z$5*10^3 -> 0
A42: RC2 | B42: 11.3 | C42: 4 | D42: 7.58 | E42: 20.3 | F42: 18.9 | G42: 7.51 | H42: 8.21 | S42: =10^-G42 -> 3.0902954e-08 | W42: =V42*$Z$5*10^3 -> 0
A43: RC3 | B43: 11.3 | C43: 4 | D43: 7.33 | E43: 20.5 | F43: 19 | G43: 7.41 | H43: 8.19 | S43: =10^-G43 -> 3.8904514e-08 | W43: =V43*$Z$5*10^3 -> 0
A44: SC1 | B44: 11.3 | C44: 4 | D44: 5.12 | E44: 19.93 | F44: 19.2 | G44: 7.73 | H44: 8.15 | I44: -443.4 | J44: -447 | K44: -5.58 | N44: =I44/1000 -> -0.4434 | O44: =N44/0.4 -> -1.1085 | P44: =N44*I44 -> 196.60356 | Q44: =(P44*10^-6)/D_Calculation_electrode_area!$H$21 -> 0.054333527 | R44: =(P44*10^-6)/0.4 -> 0.0004915089 | S44: =10^-G44 -> 1.8620871e-08 | W44: =V44*$Z$5*10^3 -> 0
A45: SC2 | B45: 11.3 | C45: 4 | D45: 4.9 | E45: 19.84 | F45: 19.2 | G45: 7.73 | H45: 8.13 | I45: -480.4 | J45: -443.1 | K45: 17 | N45: =I45/1000 -> -0.4804 | O45: =N45/0.4 -> -1.201 | P45: =N45*I45 -> 230.78416 | Q45: =(P45*10^-6)/D_Calculation_electrode_area!$H$21 -> 0.063779707 | R45: =(P45*10^-6)/0.4 -> 0.0005769604 | S45: =10^-G45 -> 1.8620871e-08 | W45: =V45*$Z$5*10^3 -> 0
A46: SC3 | B46: 11.3 | C46: 4 | D46: 5.41 | E46: 19.92 | F46: 19.3 | G46: 7.68 | H46: 8.23 | I46: -460.1 | J46: -455.1 | K46: -79 | N46: =I46/1000 -> -0.4601 | O46: =N46/0.4 -> -1.15025 | P46: =N46*I46 -> 211.69201 | Q46: =(P46*10^-6)/D_Calculation_electrode_area!$H$21 -> 0.058503384 | R46: =(P46*10^-6)/0.4 -> 0.00052923002 | S46: =10^-G46 -> 2.0892961e-08 | W46: =V46*$Z$5*10^3 -> 0
A47: C1 | B47: 14.3 | C47: 7 | D47: 6.61 | E47: 20.3 | F47: 18.5 | G47: 7.03 | H47: 8.08 | I47: -17.55 | J47: -312.9 | K47: -295.2 | N47: =I47/1000 -> -0.01755 | O47: =N47/0.4 -> -0.043875 | P47: =N47*I47 -> 0.3080025 | Q47: =(P47*10^-6)/D_Calculation_electrode_area!$H$22 -> 1.7111247e-11 | R47: =(P47*10^-6)/0.4 -> 7.7000625e-07 | S47: =10^-G47 -> 9.332543e-08 | W47: =V47*$Z$5*10^3 -> 0
A48: C2 | B48: 14.3 | C48: 7 | D48: 6.87 | E48: 20.6 | F48: 18.6 | G48: 7.13 | H48: 8.32 | I48: -39.04 | J48: -404.9 | K48: -365.8 | N48: =I48/1000 -> -0.03904 | O48: =N48/0.4 -> -0.0976 | P48: =N48*I48 -> 1.5241216 | Q48: =(P48*10^-6)/D_Calculation_electrode_area!$H$22 -> 8.4673405e-11 | R48: =(P48*10^-6)/0.4 -> 3.810304e-06 | S48: =10^-G48 -> 7.4131024e-08 | W48: =V48*$Z$5*10^3 -> 0
A49: C3 | B49: 14.3 | C49: 7 | D49: 7.53 | E49: 20.7 | F49: 18.5 | G49: 7.31 | H49: 8.22 | I49: -22.32 | J49: -333.1 | K49: -370.6 | N49: =I49/1000 -> -0.02232 | O49: =N49/0.4 -> -0.0558 | P49: =N49*I49 -> 0.4981824 | Q49: =(P49*10^-6)/D_Calculation_electrode_area!$H$22 -> 2.7676794e-11 | R49: =(P49*10^-6)/0.4 -> 1.245456e-06 | S49: =10^-G49 -> 4.8977882e-08 | W49: =V49*$Z$5*10^3 -> 0
A50: CC1 | B50: 14.3 | C50: 7 | D50: 7.74 | E50: 20.6 | F50: 18.6 | G50: 7.41 | H50: 8.1 | I50: -494.5 | J50: -415.7 | K50: 87.5 | N50: =I50/1000 -> -0.4945 | O50: =N50/0.4 -> -1.23625 | P50: =N50*I50 -> 244.53025 | Q50: =(P50*10^-6)/D_Calculation_electrode_area!$H$22 -> 1.3585011e-08 | R50: =(P50*10^-6)/0.4 -> 0.00061132562 | S50: =10^-G50 -> 3.8904514e-08 | W50: =V50*$Z$5*10^3 -> 0
A51: CC2 | B51: 14.3 | C51: 7 | D51: 6.68 | E51: 20.6 | F51: 18.8 | G51: 7.34 | H51: 8.06 | I51: -645 | J51: -386.4 | K51: 262.5 | N51: =I51/1000 -> -0.645 | O51: =N51/0.4 -> -1.6125 | P51: =N51*I51 -> 416.025 | Q51: =(P51*10^-6)/D_Calculation_electrode_area!$H$22 -> 2.3112495e-08 | R51: =(P51*10^-6)/0.4 -> 0.0010400625 | S51: =10^-G51 -> 4.5708819e-08 | W51: =V51*$Z$5*10^3 -> 0
A52: CC3 | B52: 14.3 | C52: 7 | D52: 6.89 | E52: 20.6 | F52: 18.9 | G52: 7.28 | H52: 8.01 | I52: -586 | J52: -389.7 | K52: 198.7 | N52: =I52/1000 -> -0.586 | O52: =N52/0.4 -> -1.465 | P52: =N52*I52 -> 343.396 | Q52: =(P52*10^-6)/D_Calculation_electrode_area!$H$22 -> 1.9077552e-08 | R52: =(P52*10^-6)/0.4 -> 0.00085849 | S52: =10^-G52 -> 5.2480746e-08 | W52: =V52*$Z$5*10^3 -> 0
A53: S1 | B53: 14.3 | C53: 7 | D53: 7.33 | E53: 20.4 | F53: 18.6 | G53: 7.12 | H53: 8.25 | I53: -31.64 | J53: -359.5 | K53: -328.1 | N53: =I53/1000 -> -0.03164 | O53: =N53/0.4 -> -0.0791 | P53: =N53*I53 -> 1.0010896 | Q53: =(P53*10^-6)/D_Calculation_electrode_area!$H$21 -> 0.00027666198 | R53: =(P53*10^-6)/0.4 -> 2.502724e-06 | S53: =10^-G53 -> 7.5857758e-08 | W53: =V53*$Z$5*10^3 -> 0
A54: S2 | B54: 14.3 | C54: 7 | D54: 7.1 | E54: 20.7 | F54: 18.6 | G54: 7.09 | H54: 8.26 | I54: -38.69 | J54: -395.4 | K54: -357.4 | N54: =I54/1000 -> -0.03869 | O54: =N54/0.4 -> -0.096725 | P54: =N54*I54 -> 1.4969161 | Q54: =(P54*10^-6)/D_Calculation_electrode_area!$H$21 -> 0.00041368901 | R54: =(P54*10^-6)/0.4 -> 3.7422902e-06 | S54: =10^-G54 -> 8.1283052e-08 | W54: =V54*$Z$5*10^3 -> 0
A55: S3 | B55: 14.3 | C55: 7 | D55: 7.17 | E55: 20.6 | F55: 18.5 | G55: 7.19 | H55: 8.28 | I55: -31.85 | J55: 149.3 | K55: 180.6 | N55: =I55/1000 -> -0.03185 | O55: =N55/0.4 -> -0.079625 | P55: =N55*I55 -> 1.0144225 | Q55: =(P55*10^-6)/D_Calculation_electrode_area!$H$21 -> 0.00028034667 | R55: =(P55*10^-6)/0.4 -> 2.5360563e-06 | S55: =10^-G55 -> 6.4565423e-08 | W55: =V55*$Z$5*10^3 -> 0
A56: RC1 | B56: 14.3 | C56: 7 | D56: 7.83 | E56: 20.8 | F56: 18.7 | G56: 7.34 | H56: 8.18 | S56: =10^-G56 -> 4.5708819e-08 | W56: =V56*$Z$5*10^3 -> 0
A57: RC2 | B57: 14.3 | C57: 7 | D57: 7.81 | E57: 20.6 | F57: 18.6 | G57: 7.27 | H57: 8.19 | S57: =10^-G57 -> 5.370318e-08 | W57: =V57*$Z$5*10^3 -> 0
A58: RC3 | B58: 14.3 | C58: 7 | D58: 7.88 | E58: 20.7 | F58: 18.7 | G58: 7.22 | H58: 8.14 | S58: =10^-G58 -> 6.0255959e-08 | W58: =V58*$Z$5*10^3 -> 0
A59: SC1 | B59: 14.3 | C59: 7 | D59: 7.52 | E59: 20 | F59: 19 | G59: 7.35 | H59: 8.1 | I59: -425.4 | J59: -428.2 | K59: 4.13 | N59: =I59/1000 -> -0.4254 | O59: =N59/0.4 -> -1.0635 | P59: =N59*I59 -> 180.96516 | Q59: =(P59*10^-6)/D_Calculation_electrode_area!$H$21 -> 0.050011686 | R59: =(P59*10^-6)/0.4 -> 0.0004524129 | S59: =10^-G59 -> 4.4668359e-08 | W59: =V59*$Z$5*10^3 -> 0
A60: SC2 | B60: 14.3 | C60: 7 | D60: 7.22 | E60: 19.92 | F60: 18.9 | G60: 7.31 | H60: 8.1 | I60: -462.9 | J60: -462.9 | K60: 27.65 | N60: =I60/1000 -> -0.4629 | O60: =N60/0.4 -> -1.15725 | P60: =N60*I60 -> 214.27641 | Q60: =(P60*10^-6)/D_Calculation_electrode_area!$H$21 -> 0.059217611 | R60: =(P60*10^-6)/0.4 -> 0.00053569102 | S60: =10^-G60 -> 4.8977882e-08 | W60: =V60*$Z$5*10^3 -> 0
A61: SC3 | B61: 14.3 | C61: 7 | D61: 7.32 | E61: 20.1 | F61: 18.9 | G61: 7.36 | H61: 8.01 | I61: -392.9 | J61: -392.9 | K61: -12.74 | N61: =I61/1000 -> -0.3929 | O61: =N61/0.4 -> -0.98225 | P61: =N61*I61 -> 154.37041 | Q61: =(P61*10^-6)/D_Calculation_electrode_area!$H$21 -> 0.042661938 | R61: =(P61*10^-6)/0.4 -> 0.00038592602 | S61: =10^-G61 -> 4.3651583e-08 | W61: =V61*$Z$5*10^3 -> 0
A62: C1 | B62: 16.3 | C62: 9 | D62: 6.51 | E62: 20.4 | F62: 19.3 | G62: 7.09 | H62: 8.177 | I62: -24.06 | J62: -346.7 | K62: -322.6 | L62: =0.198*10 -> 1.98 | M62: 475 | N62: =I62/1000 -> -0.02406 | O62: =N62/0.4 -> -0.06015 | P62: =N62*I62 -> 0.5788836 | Q62: =(P62*10^-6)/D_Calculation_electrode_area!$H$22 -> 3.2160194e-11 | R62: =(P62*10^-6)/0.4 -> 1.447209e-06 | S62: =10^-G62 -> 8.1283052e-08 | T62: =(M62*10^-3/$Z$4) -> 0.0049446923 | U62: =(L62*10^-3/$Z$3) -> 5.8097091e-05 | V62: =T62+U62 -> 0.0050027894 | W62: =V62*$Z$5*10^3 -> 160.41444
A63: C2 | B63: 16.3 | C63: 9 | D63: 7.06 | E63: 20.8 | F63: 19.1 | G63: 7.072 | H63: 8.36 | I63: -35.08 | J63: -388.8 | K63: -353.7 | L63: =0.33*10 -> 3.3 | M63: 479 | N63: =I63/1000 -> -0.03508 | O63: =N63/0.4 -> -0.0877 | P63: =N63*I63 -> 1.2306064 | Q63: =(P63*10^-6)/D_Calculation_electrode_area!$H$22 -> 6.8367008e-11 | R63: =(P63*10^-6)/0.4 -> 3.076516e-06 | S63: =10^-G63 -> 8.4722741e-08 | T63: =(M63*10^-3/$Z$4) -> 0.0049863318 | U63: =(L63*10^-3/$Z$3) -> 9.6828486e-05 | V63: =T63+U63 -> 0.0050831603 | W63: =V63*$Z$5*10^3 -> 162.99154
A64: C3 | B64: 16.3 | C64: 9 | D64: 7.38 | E64: 20.8 | F64: 19.1 | G64: 7.205 | H64: 8.47 | I64: -76.35 | J64: -107.2 | K64: -31.07 | L64: =1.88*2 -> 3.76 | M64: 345 | N64: =I64/1000 -> -0.07635 | O64: =N64/0.4 -> -0.190875 | P64: =N64*I64 -> 5.8293225 | Q64: =(P64*10^-6)/D_Calculation_electrode_area!$H$22 -> 3.2385118e-10 | R64: =(P64*10^-6)/0.4 -> 1.4573306e-05 | S64: =10^-G64 -> 6.2373484e-08 | T64: =(M64*10^-3/$Z$4) -> 0.0035914081 | U64: =(L64*10^-3/$Z$3) -> 0.00011032579 | V64: =T64+U64 -> 0.0037017339 | W64: =V64*$Z$5*10^3 -> 118.6961
A65: CC1 | B65: 16.3 | C65: 9 | D65: 7.34 | E65: 20.7 | F65: 19.3 | G65: 7.285 | H65: 8.053 | I65: -552 | J65: -421.7 | K65: 94.9 | L65: =0.338*10 -> 3.38 | M65: 433 | N65: =I65/1000 -> -0.552 | O65: =N65/0.4 -> -1.38 | P65: =N65*I65 -> 304.704 | Q65: =(P65*10^-6)/D_Calculation_electrode_area!$H$22 -> 1.6927997e-08 | R65: =(P65*10^-6)/0.4 -> 0.00076176 | S65: =10^-G65 -> 5.1880004e-08 | T65: =(M65*10^-3/$Z$4) -> 0.0045074774 | U65: =(L65*10^-3/$Z$3) -> 9.9175843e-05 | V65: =T65+U65 -> 0.0046066533 | W65: =V65*$Z$5*10^3 -> 147.71234
A66: CC2 | B66: 16.3 | C66: 9 | D66: 6.88 | E66: 20.8 | F66: 19.2 | G66: 7.332 | H66: 8.031 | I66: -682 | J66: -416.4 | K66: 264.5 | L66: =0.52*10 -> 5.2 | M66: 387 | N66: =I66/1000 -> -0.682 | O66: =N66/0.4 -> -1.705 | P66: =N66*I66 -> 465.124 | Q66: =(P66*10^-6)/D_Calculation_electrode_area!$H$22 -> 2.5840217e-08 | R66: =(P66*10^-6)/0.4 -> 0.00116281 | S66: =10^-G66 -> 4.6558609e-08 | T66: =(M66*10^-3/$Z$4) -> 0.004028623 | U66: =(L66*10^-3/$Z$3) -> 0.00015257822 | V66: =T66+U66 -> 0.0041812012 | W66: =V66*$Z$5*10^3 -> 134.07022
A67: CC3 | B67: 16.3 | C67: 9 | D67: 7.38 | E67: 20.7 | F67: 19.3 | G67: 7.23 | H67: 8.017 | I67: -651 | J67: -420.9 | K67: 288.3 | L67: =0.366*10 -> 3.66 | M67: 517 | N67: =I67/1000 -> -0.651 | O67: =N67/0.4 -> -1.6275 | P67: =N67*I67 -> 423.801 | Q67: =(P67*10^-6)/D_Calculation_electrode_area!$H$22 -> 2.3544495e-08 | R67: =(P67*10^-6)/0.4 -> 0.0010595025 | S67: =10^-G67 -> 5.8884366e-08 | T67: =(M67*10^-3/$Z$4) -> 0.0053819072 | U67: =(L67*10^-3/$Z$3) -> 0.00010739159 | V67: =T67+U67 -> 0.0054892988 | W67: =V67*$Z$5*10^3 -> 176.01437
A68: S1 | B68: 16.3 | C68: 9 | D68: 6.44 | E68: 20.6 | F68: 19.1 | G68: 7.061 | H68: 8.224 | I68: -33.3 | J68: -367.5 | K68: -334.4 | L68: =0.769*10 -> 7.69 | M68: =113*5 -> 565 | N68: =I68/1000 -> -0.0333 | O68: =N68/0.4 -> -0.08325 | P68: =N68*I68 -> 1.10889 | Q68: =(P68*10^-6)/D_Calculation_electrode_area!$H$21 -> 0.00030645379 | R68: =(P68*10^-6)/0.4 -> 2.772225e-06 | S68: =10^-G68 -> 8.6896043e-08 | T68: =(M68*10^-3/$Z$4) -> 0.0058815814 | U68: =(L68*10^-3/$Z$3) -> 0.00022563971 | V68: =T68+U68 -> 0.0061072211 | W68: =V68*$Z$5*10^3 -> 195.82804
A69: S2 | B69: 16.3 | C69: 9 | D69: 5.86 | E69: 20.8 | F69: 19.1 | G69: 7.021 | H69: 8.085 | I69: -32.64 | J69: -385.4 | K69: -352.9 | L69: =1.14*10 -> 11.4 | M69: =115*5 -> 575 | N69: =I69/1000 -> -0.03264 | O69: =N69/0.4 -> -0.0816 | P69: =N69*I69 -> 1.0653696 | Q69: =(P69*10^-6)/D_Calculation_electrode_area!$H$21 -> 0.00029442645 | R69: =(P69*10^-6)/0.4 -> 2.663424e-06 | S69: =10^-G69 -> 9.5279616e-08 | T69: =(M69*10^-3/$Z$4) -> 0.0059856802 | U69: =(L69*10^-3/$Z$3) -> 0.0003344984 | V69: =T69+U69 -> 0.0063201786 | W69: =V69*$Z$5*10^3 -> 202.65653
A70: S3 | B70: 16.3 | C70: 9 | D70: 5.93 | E70: 20.7 | F70: 19.1 | G70: 7.054 | H70: 8.068 | I70: -28.82 | J70: 166.2 | K70: 193.3 | L70: =1.23*10 -> 12.3 | M70: =100*5 -> 500 | N70: =I70/1000 -> -0.02882 | O70: =N70/0.4 -> -0.07205 | P70: =N70*I70 -> 0.8305924 | Q70: =(P70*10^-6)/D_Calculation_electrode_area!$H$21 -> 0.00022954322 | R70: =(P70*10^-6)/0.4 -> 2.076481e-06 | S70: =10^-G70 -> 8.830799e-08 | T70: =(M70*10^-3/$Z$4) -> 0.0052049393 | U70: =(L70*10^-3/$Z$3) -> 0.00036090617 | V70: =T70+U70 -> 0.0055658455 | W70: =V70*$Z$5*10^3 -> 178.46883
A71: RC1 | B71: 16.3 | C71: 9 | D71: 8.15 | E71: 21 | F71: 19.2 | G71: 7.247 | H71: 8.16 | L71: =1.59*10 -> 15.9 | M71: =98.2*5 -> 491 | S71: =10^-G71 -> 5.6623929e-08 | T71: =(M71*10^-3/$Z$4) -> 0.0051112504 | U71: =(L71*10^-3/$Z$3) -> 0.00046653725 | V71: =T71+U71 -> 0.0055777876 | W71: =V71*$Z$5*10^3 -> 178.85176
A72: RC2 | B72: 16.3 | C72: 9 | D72: 8.21 | E72: 20.7 | F72: 19.3 | G72: 7.217 | H72: 8.212 | L72: =1.26*10 -> 12.6 | M72: =105*5 -> 525 | S72: =10^-G72 -> 6.0673633e-08 | T72: =(M72*10^-3/$Z$4) -> 0.0054651862 | U72: =(L72*10^-3/$Z$3) -> 0.00036970876 | V72: =T72+U72 -> 0.005834895 | W72: =V72*$Z$5*10^3 -> 187.09591
A73: RC3 | B73: 16.3 | C73: 9 | D73: 7.74 | E73: 20.9 | F73: 19.3 | G73: 7.165 | H73: 8.162 | L73: =0.661*10 -> 6.61 | M73: =105*5 -> 525 | S73: =10^-G73 -> 6.8391165e-08 | T73: =(M73*10^-3/$Z$4) -> 0.0054651862 | U73: =(L73*10^-3/$Z$3) -> 0.00019395039 | V73: =T73+U73 -> 0.0056591366 | W73: =V73*$Z$5*10^3 -> 181.46022
A74: SC1 | B74: 16.3 | C74: 9 | D74: 8.11 | E74: 20.2 | F74: 19.4 | G74: 7.264 | H74: 8.142 | I74: -416.94 | J74: -401.1 | K74: 20 | L74: 0 | M74: =143*5 -> 715 | N74: =I74/1000 -> -0.41694 | O74: =N74/0.4 -> -1.04235 | P74: =N74*I74 -> 173.83896 | Q74: =(P74*10^-6)/D_Calculation_electrode_area!$H$21 -> 0.048042284 | R74: =(P74*10^-6)/0.4 -> 0.00043459741 | S74: =10^-G74 -> 5.4450265e-08 | T74: =(M74*10^-3/$Z$4) -> 0.0074430632 | U74: =(L74*10^-3/$Z$3) -> 0 | V74: 0.0074430632 | W74: =V74*$Z$5*10^3 -> 238.66182
A75: SC2 | B75: 16.3 | C75: 9 | D75: 8.01 | E75: 20 | F75: 19.7 | G75: 7.226 | H75: 8.121 | I75: -499.12 | J75: -425.3 | K75: 75 | L75: 0 | M75: =142*5 -> 710 | N75: =I75/1000 -> -0.49912 | O75: =N75/0.4 -> -1.2478 | P75: =N75*I75 -> 249.12077 | Q75: =(P75*10^-6)/D_Calculation_electrode_area!$H$21 -> 0.06884723 | R75: =(P75*10^-6)/0.4 -> 0.00062280194 | S75: =10^-G75 -> 5.9429216e-08 | T75: =(M75*10^-3/$Z$4) -> 0.0073910138 | U75: =(L75*10^-3/$Z$3) -> 0 | V75: 0.0073910138 | W75: =V75*$Z$5*10^3 -> 236.99286
A76: SC3 | B76: 16.3 | C76: 9 | D76: 7.88 | E76: 20.2 | F76: 19.6 | G76: 7.281 | H76: 8.118 | I76: -413.45 | J76: -404.5 | K76: 9.31 | L76: 0 | M76: =142*5 -> 710 | N76: =I76/1000 -> -0.41345 | O76: =N76/0.4 -> -1.033625 | P76: =N76*I76 -> 170.9409 | Q76: =(P76*10^-6)/D_Calculation_electrode_area!$H$21 -> 0.047241374 | R76: =(P76*10^-6)/0.4 -> 0.00042735226 | S76: =10^-G76 -> 5.2360044e-08 | T76: =(M76*10^-3/$Z$4) -> 0.0073910138 | U76: =(L76*10^-3/$Z$3) -> 0 | V76: 0.0073910138 | W76: =V76*$Z$5*10^3 -> 236.99286
A77: C1 | B77: 18.3 | C77: 11 | D77: 5.99 | E77: 20.5 | F77: 19.3 | G77: 7.043 | H77: 8.071 | I77: -28.35 | J77: -359.2 | K77: -332.7 | N77: =I77/1000 -> -0.02835 | O77: =N77/0.4 -> -0.070875 | P77: =N77*I77 -> 0.8037225 | Q77: =(P77*10^-6)/D_Calculation_electrode_area!$H$22 -> 4.4651241e-11 | R77: =(P77*10^-6)/0.4 -> 2.0093062e-06 | S77: =10^-G77 -> 9.057326e-08 | W77: =V77*$Z$5*10^3 -> 0
A78: C2 | B78: 18.3 | C78: 11 | D78: 6.32 | E78: 21 | F78: 19.3 | G78: 7.038 | H78: 8.2 | I78: -29.05 | J78: -371.9 | K78: -343.1 | N78: =I78/1000 -> -0.02905 | O78: =N78/0.4 -> -0.072625 | P78: =N78*I78 -> 0.8439025 | Q78: =(P78*10^-6)/D_Calculation_electrode_area!$H$22 -> 4.6883463e-11 | R78: =(P78*10^-6)/0.4 -> 2.1097562e-06 | S78: =10^-G78 -> 9.1622049e-08 | W78: =V78*$Z$5*10^3 -> 0
A79: C3 | B79: 18.3 | C79: 11 | D79: 6.91 | E79: 21.2 | F79: 19.3 | G79: 7.058 | H79: 8.508 | I79: -108.2 | J79: -151 | K79: -43.07 | N79: =I79/1000 -> -0.1082 | O79: =N79/0.4 -> -0.2705 | P79: =N79*I79 -> 11.70724 | Q79: =(P79*10^-6)/D_Calculation_electrode_area!$H$22 -> 6.5040209e-10 | R79: =(P79*10^-6)/0.4 -> 2.92681e-05 | S79: =10^-G79 -> 8.7498378e-08 | W79: =V79*$Z$5*10^3 -> 0
A80: CC1 | B80: 18.3 | C80: 11 | D80: 7.19 | E80: 20.9 | F80: 19.5 | G80: 7.233 | H80: 7.875 | I80: -551 | J80: -377.5 | K80: 156.5 | N80: =I80/1000 -> -0.551 | O80: =N80/0.4 -> -1.3775 | P80: =N80*I80 -> 303.601 | Q80: =(P80*10^-6)/D_Calculation_electrode_area!$H$22 -> 1.6866719e-08 | R80: =(P80*10^-6)/0.4 -> 0.0007590025 | S80: =10^-G80 -> 5.8479008e-08 | W80: =V80*$Z$5*10^3 -> 0
A81: CC2 | B81: 18.3 | C81: 11 | D81: 7.79 | E81: 21 | F81: 19.6 | G81: 7.303 | H81: 8.098 | I81: -665 | J81: -418.1 | K81: 334.7 | N81: =I81/1000 -> -0.665 | O81: =N81/0.4 -> -1.6625 | P81: =N81*I81 -> 442.225 | Q81: =(P81*10^-6)/D_Calculation_electrode_area!$H$22 -> 2.4568051e-08 | R81: =(P81*10^-6)/0.4 -> 0.0011055625 | S81: =10^-G81 -> 4.9773708e-08 | W81: =V81*$Z$5*10^3 -> 0
A82: CC3 | B82: 18.3 | C82: 11 | D82: 8.1 | E82: 20.9 | F82: 19.5 | G82: 7.195 | H82: 8.129 | I82: -577 | J82: -411.3 | K82: 145.7 | N82: =I82/1000 -> -0.577 | O82: =N82/0.4 -> -1.4425 | P82: =N82*I82 -> 332.929 | Q82: =(P82*10^-6)/D_Calculation_electrode_area!$H$22 -> 1.8496052e-08 | R82: =(P82*10^-6)/0.4 -> 0.0008323225 | S82: =10^-G82 -> 6.3826349e-08 | W82: =V82*$Z$5*10^3 -> 0
A83: S1 | B83: 18.3 | C83: 11 | D83: 5.91 | E83: 20.8 | F83: 19.6 | G83: 7.036 | H83: 7.977 | I83: -33.55 | J83: -370.9 | K83: -338.4 | N83: =I83/1000 -> -0.03355 | O83: =N83/0.4 -> -0.083875 | P83: =N83*I83 -> 1.1256025 | Q83: =(P83*10^-6)/D_Calculation_electrode_area!$H$21 -> 0.00031107247 | R83: =(P83*10^-6)/0.4 -> 2.8140062e-06 | S83: =10^-G83 -> 9.2044957e-08 | W83: =V83*$Z$5*10^3 -> 0
A84: S2 | B84: 18.3 | C84: 11 | D84: 5.95 | E84: 21 | F84: 19.6 | G84: 7.125 | H84: 7.737 | I84: -30.43 | J84: -372.8 | K84: -341.9 | N84: =I84/1000 -> -0.03043 | O84: =N84/0.4 -> -0.076075 | P84: =N84*I84 -> 0.9259849 | Q84: =(P84*10^-6)/D_Calculation_electrode_area!$H$21 -> 0.00025590598 | R84: =(P84*10^-6)/0.4 -> 2.3149622e-06 | S84: =10^-G84 -> 7.4989421e-08 | W84: =V84*$Z$5*10^3 -> 0
A85: S3 | B85: 18.3 | C85: 11 | D85: 5.01 | E85: 20.5 | F85: 19.3 | G85: 7.024 | H85: 7.725 | I85: -33.36 | J85: -201.4 | K85: 334.7 | N85: =I85/1000 -> -0.03336 | O85: =N85/0.4 -> -0.0834 | P85: =N85*I85 -> 1.1128896 | Q85: =(P85*10^-6)/D_Calculation_electrode_area!$H$21 -> 0.00030755912 | R85: =(P85*10^-6)/0.4 -> 2.782224e-06 | S85: =10^-G85 -> 9.4623716e-08 | W85: =V85*$Z$5*10^3 -> 0
A86: RC1 | B86: 18.3 | C86: 11 | D86: 8.42 | E86: 20.8 | F86: 19.7 | G86: 7.19 | H86: 8.233 | S86: =10^-G86 -> 6.4565423e-08 | W86: =V86*$Z$5*10^3 -> 0
A87: RC2 | B87: 18.3 | C87: 11 | D87: 8.19 | E87: 20.9 | F87: 19.5 | G87: 7.23 | H87: 8.238 | S87: =10^-G87 -> 5.8884366e-08 | W87: =V87*$Z$5*10^3 -> 0
A88: RC3 | B88: 18.3 | C88: 11 | D88: 7.46 | E88: 21.1 | F88: 19.6 | G88: 7.05 | H88: 8.131 | S88: =10^-G88 -> 8.9125094e-08 | W88: =V88*$Z$5*10^3 -> 0
A89: SC1 | B89: 18.3 | C89: 11 | D89: 7.83 | E89: 20.3 | F89: 19.9 | G89: 7.076 | H89: 8.168 | I89: -477.51 | J89: -383.5 | K89: 72.5 | N89: =I89/1000 -> -0.47751 | O89: =N89/0.4 -> -1.193775 | P89: =N89*I89 -> 228.0158 | Q89: =(P89*10^-6)/D_Calculation_electrode_area!$H$21 -> 0.063014641 | R89: =(P89*10^-6)/0.4 -> 0.0005700395 | S89: =10^-G89 -> 8.3945999e-08 | W89: =V89*$Z$5*10^3 -> 0
A90: SC2 | B90: 18.3 | C90: 11 | D90: 8.05 | E90: 20.2 | F90: 20 | G90: 7.038 | H90: 8.161 | I90: -482.18 | J90: -385.9 | K90: 98.2 | N90: =I90/1000 -> -0.48218 | O90: =N90/0.4 -> -1.20545 | P90: =N90*I90 -> 232.49755 | Q90: =(P90*10^-6)/D_Calculation_electrode_area!$H$21 -> 0.064253222 | R90: =(P90*10^-6)/0.4 -> 0.00058124388 | S90: =10^-G90 -> 9.1622049e-08 | W90: =V90*$Z$5*10^3 -> 0
A91: SC3 | B91: 18.3 | C91: 11 | D91: 7.98 | E91: 20.2 | F91: 20.1 | G91: 7.151 | H91: 8.198 | I91: -408.78 | J91: -393.5 | K91: 13.01 | N91: =I91/1000 -> -0.40878 | O91: =N91/0.4 -> -1.02195 | P91: =N91*I91 -> 167.10109 | Q91: =(P91*10^-6)/D_Calculation_electrode_area!$H$21 -> 0.046180199 | R91: =(P91*10^-6)/0.4 -> 0.00041775272 | S91: =10^-G91 -> 7.0631755e-08 | W91: =V91*$Z$5*10^3 -> 0
A92: C1 | B92: 21.3 | C92: 14 | D92: 5.41 | E92: 20.8 | F92: 19.3 | G92: 7.13 | H92: 7.967 | I92: -70.4 | J92: -316.2 | K92: -246.5 | N92: =I92/1000 -> -0.0704 | O92: =N92/0.4 -> -0.176 | P92: =N92*I92 -> 4.95616 | Q92: =(P92*10^-6)/D_Calculation_electrode_area!$H$22 -> 2.7534217e-10 | R92: =(P92*10^-6)/0.4 -> 1.23904e-05 | S92: =10^-G92 -> 7.4131024e-08 | W92: =V92*$Z$5*10^3 -> 0
A93: C2 | B93: 21.3 | C93: 14 | D93: 5.04 | E93: 21.3 | F93: 19.2 | G93: 7.129 | H93: 7.724 | I93: -32.3 | J93: -370.9 | K93: -339.4 | N93: =I93/1000 -> -0.0323 | O93: =N93/0.4 -> -0.08075 | P93: =N93*I93 -> 1.04329 | Q93: =(P93*10^-6)/D_Calculation_electrode_area!$H$22 -> 5.7960544e-11 | R93: =(P93*10^-6)/0.4 -> 2.608225e-06 | S93: =10^-G93 -> 7.4301914e-08 | W93: =V93*$Z$5*10^3 -> 0
A94: C3 | B94: 21.3 | C94: 14 | D94: 4.52 | E94: 21.5 | F94: 19.2 | G94: 7.05 | H94: 8.242 | I94: -157.7 | J94: -258.7 | K94: -103 | N94: =I94/1000 -> -0.1577 | O94: =N94/0.4 -> -0.39425 | P94: =N94*I94 -> 24.86929 | Q94: =(P94*10^-6)/D_Calculation_electrode_area!$H$22 -> 1.3816269e-09 | R94: =(P94*10^-6)/0.4 -> 6.2173225e-05 | S94: =10^-G94 -> 8.9125094e-08 | W94: =V94*$Z$5*10^3 -> 0
A95: CC1 | B95: 21.3 | C95: 14 | D95: 5.23 | E95: 21.2 | F95: 19.4 | G95: 7.352 | H95: 7.329 | I95: -773 | J95: -407.1 | K95: 272.2 | N95: =I95/1000 -> -0.773 | O95: =N95/0.4 -> -1.9325 | P95: =N95*I95 -> 597.529 | Q95: =(P95*10^-6)/D_Calculation_electrode_area!$H$22 -> 3.3196049e-08 | R95: =(P95*10^-6)/0.4 -> 0.0014938225 | S95: =10^-G95 -> 4.4463127e-08 | W95: =V95*$Z$5*10^3 -> 0
A96: CC2 | B96: 21.3 | C96: 14 | D96: 6.23 | E96: 21.3 | F96: 19.3 | G96: 7.432 | H96: 7.758 | I96: -622 | J96: -406.2 | K96: 179.5 | N96: =I96/1000 -> -0.622 | O96: =N96/0.4 -> -1.555 | P96: =N96*I96 -> 386.884 | Q96: =(P96*10^-6)/D_Calculation_electrode_area!$H$22 -> 2.1493551e-08 | R96: =(P96*10^-6)/0.4 -> 0.00096721 | S96: =10^-G96 -> 3.6982818e-08 | W96: =V96*$Z$5*10^3 -> 0
A97: CC3 | B97: 21.3 | C97: 14 | D97: 6.81 | E97: 21.4 | F97: 19.4 | G97: 7.326 | H97: 7.996 | I97: -611 | J97: -391.4 | K97: 203.8 | N97: =I97/1000 -> -0.611 | O97: =N97/0.4 -> -1.5275 | P97: =N97*I97 -> 373.321 | Q97: =(P97*10^-6)/D_Calculation_electrode_area!$H$22 -> 2.0740051e-08 | R97: =(P97*10^-6)/0.4 -> 0.0009333025 | S97: =10^-G97 -> 4.7206304e-08 | W97: =V97*$Z$5*10^3 -> 0
A98: S1 | B98: 21.3 | C98: 14 | D98: 4.07 | E98: 21 | F98: 19.3 | G98: 7.042 | H98: 8.052 | I98: -191.3 | J98: -245.3 | K98: -57.21 | N98: =I98/1000 -> -0.1913 | O98: =N98/0.4 -> -0.47825 | P98: =N98*I98 -> 36.59569 | Q98: =(P98*10^-6)/D_Calculation_electrode_area!$H$21 -> 0.010113616 | R98: =(P98*10^-6)/0.4 -> 9.1489225e-05 | S98: =10^-G98 -> 9.0782053e-08 | W98: =V98*$Z$5*10^3 -> 0
A99: S2 | B99: 21.3 | C99: 14 | D99: 6.51 | E99: 21.4 | F99: 19.2 | G99: 7.075 | H99: 8.175 | I99: -69 | J99: -285.2 | K99: -218 | N99: =I99/1000 -> -0.069 | O99: =N99/0.4 -> -0.1725 | P99: =N99*I99 -> 4.761 | Q99: =(P99*10^-6)/D_Calculation_electrode_area!$H$21 -> 0.001315754 | R99: =(P99*10^-6)/0.4 -> 1.19025e-05 | S99: =10^-G99 -> 8.4139514e-08 | W99: =V99*$Z$5*10^3 -> 0
A100: S3 | B100: 21.3 | C100: 14 | D100: 6.59 | E100: 21.2 | F100: 19.1 | G100: 7.054 | H100: 8.217 | I100: -42.9 | J100: 134.7 | K100: 177.4 | N100: =I100/1000 -> -0.0429 | O100: =N100/0.4 -> -0.10725 | P100: =N100*I100 -> 1.84041 | Q100: =(P100*10^-6)/D_Calculation_electrode_area!$H$21 -> 0.00050861728 | R100: =(P100*10^-6)/0.4 -> 4.601025e-06 | S100: =10^-G100 -> 8.830799e-08 | W100: =V100*$Z$5*10^3 -> 0
...

Sheet B_Experiment_2
A1: Box | B1: Date | C1: Day | D1: Pot. [mV] | E1: Ref. Pot. Anode [mV] | F1: Ref. Pot. Cathode [mV] | G1: DO [mg/L] | H1: EC [mS/cm] | I1: pH | J1: H2S [mg/L] | K1: SO4^2- [mg/L] | L1: Temp. [C] | M1: Strøm [mA] | N1: Power [muW] | O1: Power/area [W/m2] | P1: H [mol/L] | Q1: DO [mol/L] | R1: S1 [mol/L] | S1: S2 [mol/L] | T1: Tot_S [mol/L] | W1: Molarmass | X1: Unit
A2: LL1 | B2: 7.3 | C2: 0 | D2: -25.71 | E2: 217 | F2: 191.3 | G2: 4.27 | H2: 18.63 | I2: 7.46 | J2: 0 | K2: =68.8*10 -> 688 | L2: 19.6 | M2: =D2/1000 -> -0.02571 | N2: =M2*D2 -> 0.6610041 | O2: =(N2*10^-6)/D_Calculation_electrode_area!$B$19 -> 5.1973178e-05 | P2: =10^-I2*4 -> 1.3869474e-07 | Q2: =(G2*10^-6)/31.9988 -> 1.334425e-07 | R2: =(K2*10^-3/$W$3)*0.33 -> 0.0023634588 | S2: =(J2*10^-3/$W$2)*0.941 -> 0 | T2: =R2+S2 -> 0.0023634588 | V2: M_H2S | W2: 34.08088 | X2: g/mol
A3: LL2 | B3: 7.3 | C3: 0 | D3: -15.28 | E3: 191.7 | F3: 175.9 | G3: 3.91 | H3: 18.45 | I3: 7.55 | J3: 0 | K3: =64.7*10 -> 647 | L3: 19.5 | M3: =D3/1000 -> -0.01528 | N3: =M3*D3 -> 0.2334784 | O3: =(N3*10^-6)/D_Calculation_electrode_area!$B$19 -> 1.835785e-05 | P3: =10^-I3*4 -> 1.1273532e-07 | Q3: =(G3*10^-6)/31.9988 -> 1.2219208e-07 | R3: =(K3*10^-3/$W$3)*0.33 -> 0.0022226132 | S3: =(J3*10^-3/$W$2)*0.941 -> 0 | T3: =R3+S3 -> 0.0022226132 | V3: M_SO4 | W3: 96.0626 | X3: g/mol
A4: LL3 | B4: 7.3 | C4: 0 | D4: -30.79 | E4: 220.6 | F4: 190.1 | G4: 5.01 | H4: 18.4 | I4: 7.56 | J4: 0 | K4: =77.6*10 -> 776 | L4: 19.6 | M4: =D4/1000 -> -0.03079 | N4: =M4*D4 -> 0.9480241 | O4: =(N4*10^-6)/D_Calculation_electrode_area!$B$19 -> 7.4540877e-05 | P4: =10^-I4*4 -> 1.1016915e-07 | Q4: =(G4*10^-6)/31.9988 -> 1.5656837e-07 | R4: =(K4*10^-3/$W$3)*0.33 -> 0.0026657617 | S4: =(J4*10^-3/$W$2)*0.941 -> 0 | T4: =R4+S4 -> 0.0026657617
A5: SL1 | B5: 7.3 | C5: 0 | D5: 57.25 | E5: 335.8 | F5: 279.2 | G5: 4.55 | H5: 18.71 | I5: 7.66 | J5: 0 | K5: =66.5*10 -> 665 | L5: 19.7 | M5: =D5/1000 -> 0.05725 | N5: =M5*D5 -> 3.2775625 | O5: =(N5*10^-6)/D_Calculation_electrode_area!$B$19 -> 0.00025770693 | P5: =10^-I5*4 -> 8.7510465e-08 | Q5: =(G5*10^-6)/31.9988 -> 1.4219283e-07 | R5: =(K5*10^-3/$W$3)*0.33 -> 0.0022844478 | S5: =(J5*10^-3/$W$2)*0.941 -> 0 | T5: =R5+S5 -> 0.0022844478
A6: SL2 | B6: 7.3 | C6: 0 | D6: -34.72 | E6: 303.6 | F6: 269.5 | G6: 5.11 | H6: 18.24 | I6: 7.68 | J6: 0 | K6: =63.3*10 -> 633 | L6: 19.7 | M6: =D6/1000 -> -0.03472 | N6: =M6*D6 -> 1.2054784 | O6: =(N6*10^-6)/D_Calculation_electrode_area!$B$19 -> 9.4783895e-05 | P6: =10^-I6*4 -> 8.3571845e-08 | Q6: =(G6*10^-6)/31.9988 -> 1.5969349e-07 | R6: =(K6*10^-3/$W$3)*0.33 -> 0.0021745195 | S6: =(J6*10^-3/$W$2)*0.941 -> 0 | T6: =R6+S6 -> 0.0021745195
A7: SL3 | B7: 7.3 | C7: 0 | D7: -49.7 | E7: 325.8 | F7: 277.6 | G7: 4.37 | H7: 18.82 | I7: 7.71 | J7: 0 | K7: =65.4*10 -> 654 | L7: 19.9 | M7: =D7/1000 -> -0.0497 | N7: =M7*D7 -> 2.47009 | O7: =(N7*10^-6)/D_Calculation_electrode_area!$B$19 -> 0.00019421729 | P7: =10^-I7*4 -> 7.7993784e-08 | Q7: =(G7*10^-6)/31.9988 -> 1.3656762e-07 | R7: =(K7*10^-3/$W$3)*0.33 -> 0.00224666 | S7: =(J7*10^-3/$W$2)*0.941 -> 0 | T7: =R7+S7 -> 0.00224666
A8: C-SL1 | B8: 7.3 | C8: 0 | D8: =-0.764*1000 -> -764 | E8: 468.8 | F8: -289.8 | G8: 5.45 | H8: 18.92 | I8: 7.72 | J8: 0 | K8: =61.7*10 -> 617 | L8: 19.6 | M8: =D8/1000 -> -0.764 | N8: =M8*D8 -> 583.696 | O8: =(N8*10^-6)/D_Calculation_electrode_area!$B$19 -> 0.045894626 | P8: =10^-I8*4 -> 7.6218429e-08 | Q8: =(G8*10^-6)/31.9988 -> 1.7031889e-07 | R8: =(K8*10^-3/$W$3)*0.33 -> 0.0021195554 | S8: =(J8*10^-3/$W$2)*0.941 -> 0 | T8: =R8+S8 -> 0.0021195554
A9: C-SL2 | B9: 7.3 | C9: 0 | D9: =-0.704*1000 -> -704 | E9: 473.6 | F9: -250.7 | G9: 4.84 | H9: 18.98 | I9: 7.73 | J9: 0 | K9: =73.2*10 -> 732 | L9: 19.9 | M9: =D9/1000 -> -0.704 | N9: =M9*D9 -> 495.616 | O9: =(N9*10^-6)/D_Calculation_electrode_area!$B$19 -> 0.038969105 | P9: =10^-I9*4 -> 7.4483485e-08 | Q9: =(G9*10^-6)/31.9988 -> 1.5125567e-07 | R9: =(K9*10^-3/$W$3)*0.33 -> 0.0025146103 | S9: =(J9*10^-3/$W$2)*0.941 -> 0 | T9: =R9+S9 -> 0.0025146103
A10: C-SL3 | B10: 7.3 | C10: 0 | D10: =0.733*-1000 -> -733 | E10: 444.6 | F10: -261.8 | G10: 4.32 | H10: 19.13 | I10: 7.74 | J10: 0 | K10: =76.1*10 -> 761 | L10: 19.8 | M10: =D10/1000 -> -0.733 | N10: =M10*D10 -> 537.289 | O10: =(N10*10^-6)/D_Calculation_electrode_area!$B$19 -> 0.042245754 | P10: =10^-I10*4 -> 7.2788034e-08 | Q10: =(G10*10^-6)/31.9988 -> 1.3500506e-07 | R10: =(K10*10^-3/$W$3)*0.33 -> 0.0026142328 | S10: =(J10*10^-3/$W$2)*0.941 -> 0 | T10: =R10+S10 -> 0.0026142328
A11: CB1 | B11: 7.3 | C11: 0 | G11: 4 | H11: 18.7 | I11: 7.73 | J11: 0 | K11: =66.1*10 -> 661 | L11: 20.1 | P11: =10^-I11*4 -> 7.4483485e-08 | Q11: =(G11*10^-6)/31.9988 -> 1.2500469e-07 | R11: =(K11*10^-3/$W$3)*0.33 -> 0.0022707068 | S11: =(J11*10^-3/$W$2)*0.941 -> 0 | T11: =R11+S11 -> 0.0022707068
A12: CB2 | B12: 7.3 | C12: 0 | G12: 4.42 | H12: 18.9 | I12: 7.75 | J12: 0 | K12: =61.8*10 -> 618 | L12: 20 | P12: =10^-I12*4 -> 7.1131176e-08 | Q12: =(G12*10^-6)/31.9988 -> 1.3813018e-07 | R12: =(K12*10^-3/$W$3)*0.33 -> 0.0021229906 | S12: =(J12*10^-3/$W$2)*0.941 -> 0 | T12: =R12+S12 -> 0.0021229906
A13: CB3 | B13: 7.3 | C13: 0 | G13: 4.07 | H13: 19.28 | I13: 7.76 | J13: 0 | K13: =72.6*10 -> 726 | L13: 19.6 | P13: =10^-I13*4 -> 6.9512033e-08 | Q13: =(G13*10^-6)/31.9988 -> 1.2719227e-07 | R13: =(K13*10^-3/$W$3)*0.33 -> 0.0024939987 | S13: =(J13*10^-3/$W$2)*0.941 -> 0 | T13: =R13+S13 -> 0.0024939987
A14: LL1 | B14: 9.3 | C14: 2 | D14: -136.9 | E14: -415 | F14: -277.7 | G14: 4.78 | H14: 18.79 | I14: 7.78 | L14: 18.8 | M14: =D14/1000 -> -0.1369 | N14: =M14*D14 -> 18.74161 | O14: =(N14*10^-6)/D_Calculation_electrode_area!$B$19 -> 0.0014736081 | P14: =10^-I14*4 -> 6.6383476e-08 | Q14: =(G14*10^-6)/31.9988 -> 1.493806e-07 | R14: =(K14*10^-3/$W$3)*0.33 -> 0 | S14: =(J14*10^-3/$W$2)*0.941 -> 0 | T14: =R14+S14 -> 0
A15: LL2 | B15: 9.3 | C15: 2 | D15: -106.7 | E15: -21.99 | F15: 84.7 | G15: 5.84 | H15: 18.27 | I15: 7.85 | L15: 18.8 | M15: =D15/1000 -> -0.1067 | N15: =M15*D15 -> 11.38489 | O15: =(N15*10^-6)/D_Calculation_electrode_area!$B$19 -> 0.00089516678 | P15: =10^-I15*4 -> 5.6501502e-08 | Q15: =(G15*10^-6)/31.9988 -> 1.8250684e-07 | R15: =(K15*10^-3/$W$3)*0.33 -> 0 | S15: =(J15*10^-3/$W$2)*0.941 -> 0 | T15: =R15+S15 -> 0
A16: LL3 | B16: 9.3 | C16: 2 | D16: -135.6 | E16: -51.08 | F16: 85.2 | G16: 6.4 | H16: 18.38 | I16: 7.72 | L16: 18.8 | M16: =D16/1000 -> -0.1356 | N16: =M16*D16 -> 18.38736 | O16: =(N16*10^-6)/D_Calculation_electrode_area!$B$19 -> 0.0014457543 | P16: =10^-I16*4 -> 7.6218429e-08 | Q16: =(G16*10^-6)/31.9988 -> 2.000075e-07 | R16: =(K16*10^-3/$W$3)*0.33 -> 0 | S16: =(J16*10^-3/$W$2)*0.941 -> 0 | T16: =R16+S16 -> 0
A17: SL1 | B17: 9.3 | C17: 2 | D17: -87.8 | E17: -408.9 | F17: -321.3 | G17: 6.8 | H17: 18.55 | I17: 7.84 | L17: 18.9 | M17: =D17/1000 -> -0.0878 | N17: =M17*D17 -> 7.70884 | O17: =(N17*10^-6)/D_Calculation_electrode_area!$B$19 -> 0.00060612773 | P17: =10^-I17*4 -> 5.7817591e-08 | Q17: =(G17*10^-6)/31.9988 -> 2.1250797e-07 | R17: =(K17*10^-3/$W$3)*0.33 -> 0 | S17: =(J17*10^-3/$W$2)*0.941 -> 0 | T17: =R17+S17 -> 0
A18: SL2 | B18: 9.3 | C18: 2 | D18: -142.7 | E18: -128.6 | F18: 11.54 | G18: 6.27 | H18: 18.14 | I18: 7.87 | L18: 19 | M18: =D18/1000 -> -0.1427 | N18: =M18*D18 -> 20.36329 | O18: =(N18*10^-6)/D_Calculation_electrode_area!$B$19 -> 0.001601117 | P18: =10^-I18*4 -> 5.3958515e-08 | Q18: =(G18*10^-6)/31.9988 -> 1.9594485e-07 | R18: =(K18*10^-3/$W$3)*0.33 -> 0 | S18: =(J18*10^-3/$W$2)*0.941 -> 0 | T18: =R18+S18 -> 0
A19: SL3 | B19: 9.3 | C19: 2 | D19: -196.1 | E19: -416.7 | F19: -218.9 | G19: 6.15 | H19: 18.75 | I19: 7.97 | L19: 19 | M19: =D19/1000 -> -0.1961 | N19: =M19*D19 -> 38.45521 | O19: =(N19*10^-6)/D_Calculation_electrode_area!$B$19 -> 0.0030236416 | P19: =10^-I19*4 -> 4.2860772e-08 | Q19: =(G19*10^-6)/31.9988 -> 1.9219471e-07 | R19: =(K19*10^-3/$W$3)*0.33 -> 0 | S19: =(J19*10^-3/$W$2)*0.941 -> 0 | T19: =R19+S19 -> 0
A20: C-SL1 | B20: 9.3 | C20: 2 | D20: =-0.761*1000 -> -761 | E20: -450.1 | F20: 312 | G20: 6.5 | H20: 18.9 | I20: 7.9 | L20: 18.9 | M20: =D20/1000 -> -0.761 | N20: =M20*D20 -> 579.121 | O20: =(N20*10^-6)/D_Calculation_electrode_area!$B$19 -> 0.045534905 | P20: =10^-I20*4 -> 5.0357016e-08 | Q20: =(G20*10^-6)/31.9988 -> 2.0313262e-07 | R20: =(K20*10^-3/$W$3)*0.33 -> 0 | S20: =(J20*10^-3/$W$2)*0.941 -> 0 | T20: =R20+S20 -> 0
A21: C-SL2 | B21: 9.3 | C21: 2 | D21: =-0.778*1000 -> -778 | E21: -450.2 | F21: 318.4 | G21: 6.44 | H21: 18.96 | I21: 7.83 | L21: 18.9 | M21: =D21/1000 -> -0.778 | N21: =M21*D21 -> 605.284 | O21: =(N21*10^-6)/D_Calculation_electrode_area!$B$19 -> 0.047592039 | P21: =10^-I21*4 -> 5.9164336e-08 | Q21: =(G21*10^-6)/31.9988 -> 2.0125755e-07 | R21: =(K21*10^-3/$W$3)*0.33 -> 0 | S21: =(J21*10^-3/$W$2)*0.941 -> 0 | T21: =R21+S21 -> 0
A22: C-SL3 | B22: 9.3 | C22: 2 | D22: =-0.778*1000 -> -778 | E22: -454.3 | F22: 342.7 | G22: 5.25 | H22: 18.98 | I22: 7.89 | L22: 19.1 | M22: =D22/1000 -> -0.778 | N22: =M22*D22 -> 605.284 | O22: =(N22*10^-6)/D_Calculation_electrode_area!$B$19 -> 0.047592039 | P22: =10^-I22*4 -> 5.1529982e-08 | Q22: =(G22*10^-6)/31.9988 -> 1.6406865e-07 | R22: =(K22*10^-3/$W$3)*0.33 -> 0 | S22: =(J22*10^-3/$W$2)*0.941 -> 0 | T22: =R22+S22 -> 0
A23: CB1 | B23: 9.3 | C23: 2 | G23: 6.15 | H23: 18.82 | I23: 7.92 | L23: 19 | P23: =10^-I23*4 -> 4.8090577e-08 | Q23: =(G23*10^-6)/31.9988 -> 1.9219471e-07 | R23: =(K23*10^-3/$W$3)*0.33 -> 0 | S23: =(J23*10^-3/$W$2)*0.941 -> 0 | T23: =R23+S23 -> 0
A24: CB2 | B24: 9.3 | C24: 2 | G24: 5.58 | H24: 18.73 | I24: 7.83 | L24: 19.1 | P24: =10^-I24*4 -> 5.9164336e-08 | Q24: =(G24*10^-6)/31.9988 -> 1.7438154e-07 | R24: =(K24*10^-3/$W$3)*0.33 -> 0 | S24: =(J24*10^-3/$W$2)*0.941 -> 0 | T24: =R24+S24 -> 0
A25: CB3 | B25: 9.3 | C25: 2 | G25: 5.83 | H25: 19.13 | I25: 7.76 | L25: 19 | P25: =10^-I25*4 -> 6.9512033e-08 | Q25: =(G25*10^-6)/31.9988 -> 1.8219433e-07 | R25: =(K25*10^-3/$W$3)*0.33 -> 0 | S25: =(J25*10^-3/$W$2)*0.941 -> 0 | T25: =R25+S25 -> 0
A26: LL1 | B26: 11.3 | C26: 4 | D26: -414.6 | E26: -310.9 | F26: 103.9 | G26: 5.24 | H26: 18.9 | I26: 8.32 | L26: 18.8 | M26: =D26/1000 -> -0.4146 | N26: =M26*D26 -> 171.89316 | O26: =(N26*10^-6)/D_Calculation_electrode_area!$B$19 -> 0.01351555 | P26: =10^-I26*4 -> 1.9145204e-08 | Q26: =(G26*10^-6)/31.9988 -> 1.6375614e-07 | R26: =(K26*10^-3/$W$3)*0.33 -> 0 | S26: =(J26*10^-3/$W$2)*0.941 -> 0 | T26: =R26+S26 -> 0
A27: LL2 | B27: 11.3 | C27: 4 | D27: -181.3 | E27: -78.5 | F27: 105.3 | G27: 6.79 | H27: 18.31 | I27: 8.24 | L27: 18.8 | M27: =D27/1000 -> -0.1813 | N27: =M27*D27 -> 32.86969 | O27: =(N27*10^-6)/D_Calculation_electrode_area!$B$19 -> 0.0025844654 | P27: =10^-I27*4 -> 2.3017597e-08 | Q27: =(G27*10^-6)/31.9988 -> 2.1219546e-07 | R27: =(K27*10^-3/$W$3)*0.33 -> 0 | S27: =(J27*10^-3/$W$2)*0.941 -> 0 | T27: =R27+S27 -> 0
A28: LL3 | B28: 11.3 | C28: 4 | D28: -255 | E28: -147.5 | F28: 108.7 | G28: 5.83 | H28: 18.44 | I28: 8.11 | L28: 18.8 | M28: =D28/1000 -> -0.255 | N28: =M28*D28 -> 65.025 | O28: =(N28*10^-6)/D_Calculation_electrode_area!$B$19 -> 0.0051127608 | P28: =10^-I28*4 -> 3.1049885e-08 | Q28: =(G28*10^-6)/31.9988 -> 1.8219433e-07 | R28: =(K28*10^-3/$W$3)*0.33 -> 0 | S28: =(J28*10^-3/$W$2)*0.941 -> 0 | T28: =R28+S28 -> 0
A29: SL1 | B29: 11.3 | C29: 4 | D29: -254.3 | E29: -232.5 | F29: 20 | G29: 6.1 | H29: 18.64 | I29: 8.17 | L29: 18.8 | M29: =D29/1000 -> -0.2543 | N29: =M29*D29 -> 64.66849 | O29: =(N29*10^-6)/D_Calculation_electrode_area!$B$19 -> 0.0050847293 | P29: =10^-I29*4 -> 2.7043319e-08 | Q29: =(G29*10^-6)/31.9988 -> 1.9063215e-07 | R29: =(K29*10^-3/$W$3)*0.33 -> 0 | S29: =(J29*10^-3/$W$2)*0.941 -> 0 | T29: =R29+S29 -> 0
A30: SL2 | B30: 11.3 | C30: 4 | D30: -200.2 | E30: -125.3 | F30: 74.8 | G30: 6.18 | H30: 18.23 | I30: 8.18 | L30: 18.7 | M30: =D30/1000 -> -0.2002 | N30: =M30*D30 -> 40.08004 | O30: =(N30*10^-6)/D_Calculation_electrode_area!$B$19 -> 0.0031513981 | P30: =10^-I30*4 -> 2.6427738e-08 | Q30: =(G30*10^-6)/31.9988 -> 1.9313224e-07 | R30: =(K30*10^-3/$W$3)*0.33 -> 0 | S30: =(J30*10^-3/$W$2)*0.941 -> 0 | T30: =R30+S30 -> 0
A31: SL3 | B31: 11.3 | C31: 4 | D31: -264.5 | E31: -409.4 | F31: -148.7 | G31: 5.97 | H31: 18.81 | I31: 8.39 | L31: 18.9 | M31: =D31/1000 -> -0.2645 | N31: =M31*D31 -> 69.96025 | O31: =(N31*10^-6)/D_Calculation_electrode_area!$B$19 -> 0.0055008078 | P31: =10^-I31*4 -> 1.6295211e-08 | Q31: =(G31*10^-6)/31.9988 -> 1.865695e-07 | R31: =(K31*10^-3/$W$3)*0.33 -> 0 | S31: =(J31*10^-3/$W$2)*0.941 -> 0 | T31: =R31+S31 -> 0
A32: C-SL1 | B32: 11.3 | C32: 4 | D32: -776 | E32: -454.3 | F32: 317.6 | G32: 6.85 | H32: 18.99 | I32: 8.15 | L32: 18.9 | M32: =D32/1000 -> -0.776 | N32: =M32*D32 -> 602.176 | O32: =(N32*10^-6)/D_Calculation_electrode_area!$B$19 -> 0.047347664 | P32: =10^-I32*4 -> 2.8317831e-08 | Q32: =(G32*10^-6)/31.9988 -> 2.1407053e-07 | R32: =(K32*10^-3/$W$3)*0.33 -> 0 | S32: =(J32*10^-3/$W$2)*0.941 -> 0 | T32: =R32+S32 -> 0
A33: C-SL2 | B33: 11.3 | C33: 4 | D33: -797 | E33: -469.9 | F33: 328.9 | G33: 5.6 | H33: 19.03 | I33: 8.08 | L33: 19 | M33: =D33/1000 -> -0.797 | N33: =M33*D33 -> 635.209 | O33: =(N33*10^-6)/D_Calculation_electrode_area!$B$19 -> 0.04994497 | P33: =10^-I33*4 -> 3.3270551e-08 | Q33: =(G33*10^-6)/31.9988 -> 1.7500656e-07 | R33: =(K33*10^-3/$W$3)*0.33 -> 0 | S33: =(J33*10^-3/$W$2)*0.941 -> 0 | T33: =R33+S33 -> 0
A34: C-SL3 | B34: 11.3 | C34: 4 | D34: -762 | E34: -457.2 | F34: 305.9 | G34: 6.14 | H34: 19.14 | I34: 8.12 | L34: 19 | M34: =D34/1000 -> -0.762 | N34: =M34*D34 -> 580.644 | O34: =(N34*10^-6)/D_Calculation_electrode_area!$B$19 -> 0.045654655 | P34: =10^-I34*4 -> 3.0343103e-08 | Q34: =(G34*10^-6)/31.9988 -> 1.918822e-07 | R34: =(K34*10^-3/$W$3)*0.33 -> 0 | S34: =(J34*10^-3/$W$2)*0.941 -> 0 | T34: =R34+S34 -> 0
A35: CB1 | B35: 11.3 | C35: 4 | G35: 6.19 | H35: 19 | I35: 8.2 | L35: 19 | P35: =10^-I35*4 -> 2.5238294e-08 | Q35: =(G35*10^-6)/31.9988 -> 1.9344475e-07 | R35: =(K35*10^-3/$W$3)*0.33 -> 0 | S35: =(J35*10^-3/$W$2)*0.941 -> 0 | T35: =R35+S35 -> 0
A36: CB2 | B36: 11.3 | C36: 4 | G36: 6.09 | H36: 18.84 | I36: 8.15 | L36: 19.1 | P36: =10^-I36*4 -> 2.8317831e-08 | Q36: =(G36*10^-6)/31.9988 -> 1.9031964e-07 | R36: =(K36*10^-3/$W$3)*0.33 -> 0 | S36: =(J36*10^-3/$W$2)*0.941 -> 0 | T36: =R36+S36 -> 0
A37: CB3 | B37: 11.3 | C37: 4 | G37: 6.24 | H37: 19.2 | I37: 8.08 | L37: 19.1 | P37: =10^-I37*4 -> 3.3270551e-08 | Q37: =(G37*10^-6)/31.9988 -> 1.9500731e-07 | R37: =(K37*10^-3/$W$3)*0.33 -> 0 | S37: =(J37*10^-3/$W$2)*0.941 -> 0 | T37: =R37+S37 -> 0
A38: LL1 | B38: 14.3 | C38: 7 | D38: -441.4 | E38: -338.1 | F38: 101.2 | G38: 5.54 | H38: 18.74 | I38: 8.386 | L38: 19 | M38: =D38/1000 -> -0.4414 | N38: =M38*D38 -> 194.83396 | O38: =(N38*10^-6)/D_Calculation_electrode_area!$B$19 -> 0.01531933 | P38: =10^-I38*4 -> 1.6445989e-08 | Q38: =(G38*10^-6)/31.9988 -> 1.7313149e-07 | R38: =(K38*10^-3/$W$3)*0.33 -> 0 | S38: =(J38*10^-3/$W$2)*0.941 -> 0 | T38: =R38+S38 -> 0
A39: LL2 | B39: 14.3 | C39: 7 | D39: -270.6 | E39: -171.8 | F39: 100 | G39: 5.34 | H39: 18.27 | I39: 8.237 | L39: 18.9 | M39: =D39/1000 -> -0.2706 | N39: =M39*D39 -> 73.22436 | O39: =(N39*10^-6)/D_Calculation_electrode_area!$B$19 -> 0.005757457 | P39: =10^-I39*4 -> 2.3177148e-08 | Q39: =(G39*10^-6)/31.9988 -> 1.6688126e-07 | R39: =(K39*10^-3/$W$3)*0.33 -> 0 | S39: =(J39*10^-3/$W$2)*0.941 -> 0 | T39: =R39+S39 -> 0
A40: LL3 | B40: 14.3 | C40: 7 | D40: -421.7 | E40: -229.4 | F40: 197.1 | G40: 5.55 | H40: 18.36 | I40: 8.239 | L40: 18.7 | M40: =D40/1000 -> -0.4217 | N40: =M40*D40 -> 177.83089 | O40: =(N40*10^-6)/D_Calculation_electrode_area!$B$19 -> 0.013982419 | P40: =10^-I40*4 -> 2.3070659e-08 | Q40: =(G40*10^-6)/31.9988 -> 1.73444e-07 | R40: =(K40*10^-3/$W$3)*0.33 -> 0 | S40: =(J40*10^-3/$W$2)*0.941 -> 0 | T40: =R40+S40 -> 0
A41: SL1 | B41: 14.3 | C41: 7 | D41: -233.1 | E41: -268.3 | F41: -43.29 | G41: 5.91 | H41: 18.52 | I41: 8.211 | L41: 19 | M41: =D41/1000 -> -0.2331 | N41: =M41*D41 -> 54.33561 | O41: =(N41*10^-6)/D_Calculation_electrode_area!$B$19 -> 0.0042722796 | P41: =10^-I41*4 -> 2.4607075e-08 | Q41: =(G41*10^-6)/31.9988 -> 1.8469443e-07 | R41: =(K41*10^-3/$W$3)*0.33 -> 0 | S41: =(J41*10^-3/$W$2)*0.941 -> 0 | T41: =R41+S41 -> 0
A42: SL2 | B42: 14.3 | C42: 7 | D42: -300.9 | E42: -216.9 | F42: 81.2 | G42: 6.02 | H42: 18.07 | I42: 8.358 | L42: 18.8 | M42: =D42/1000 -> -0.3009 | N42: =M42*D42 -> 90.54081 | O42: =(N42*10^-6)/D_Calculation_electrode_area!$B$19 -> 0.0071190082 | P42: =10^-I42*4 -> 1.7541228e-08 | Q42: =(G42*10^-6)/31.9988 -> 1.8813205e-07 | R42: =(K42*10^-3/$W$3)*0.33 -> 0 | S42: =(J42*10^-3/$W$2)*0.941 -> 0 | T42: =R42+S42 -> 0
A43: SL3 | B43: 14.3 | C43: 7 | D43: -263 | E43: -403.1 | F43: -138.4 | G43: 5.72 | H43: 18.76 | I43: 8.395 | L43: 18.9 | M43: =D43/1000 -> -0.263 | N43: =M43*D43 -> 69.169 | O43: =(N43*10^-6)/D_Calculation_electrode_area!$B$19 -> 0.0054385937 | P43: =10^-I43*4 -> 1.6108681e-08 | Q43: =(G43*10^-6)/31.9988 -> 1.787567e-07 | R43: =(K43*10^-3/$W$3)*0.33 -> 0 | S43: =(J43*10^-3/$W$2)*0.941 -> 0 | T43: =R43+S43 -> 0
A44: C-SL1 | B44: 14.3 | C44: 7 | D44: -755 | E44: -457.5 | F44: 302.5 | G44: 6.62 | H44: 18.89 | I44: 8.23 | L44: 18.9 | M44: =D44/1000 -> -0.755 | N44: =M44*D44 -> 570.025 | O44: =(N44*10^-6)/D_Calculation_electrode_area!$B$19 -> 0.044819708 | P44: =10^-I44*4 -> 2.3553746e-08 | Q44: =(G44*10^-6)/31.9988 -> 2.0688276e-07 | R44: =(K44*10^-3/$W$3)*0.33 -> 0 | S44: =(J44*10^-3/$W$2)*0.941 -> 0 | T44: =R44+S44 -> 0
A45: C-SL2 | B45: 14.3 | C45: 7 | D45: -759 | E45: -461.9 | F45: 295.3 | G45: 6.24 | H45: 18.92 | I45: 8.187 | L45: 19 | M45: =D45/1000 -> -0.759 | N45: =M45*D45 -> 576.081 | O45: =(N45*10^-6)/D_Calculation_electrode_area!$B$19 -> 0.045295877 | P45: =10^-I45*4 -> 2.6005188e-08 | Q45: =(G45*10^-6)/31.9988 -> 1.9500731e-07 | R45: =(K45*10^-3/$W$3)*0.33 -> 0 | S45: =(J45*10^-3/$W$2)*0.941 -> 0 | T45: =R45+S45 -> 0
A46: C-SL3 | B46: 14.3 | C46: 7 | D46: -733 | E46: -462.1 | F46: 271.4 | G46: 5.9 | H46: 18.95 | I46: 8.244 | L46: 19 | M46: =D46/1000 -> -0.733 | N46: =M46*D46 -> 537.289 | O46: =(N46*10^-6)/D_Calculation_electrode_area!$B$19 -> 0.042245754 | P46: =10^-I46*4 -> 2.2806571e-08 | Q46: =(G46*10^-6)/31.9988 -> 1.8438191e-07 | R46: =(K46*10^-3/$W$3)*0.33 -> 0 | S46: =(J46*10^-3/$W$2)*0.941 -> 0 | T46: =R46+S46 -> 0
A47: CB1 | B47: 14.3 | C47: 7 | G47: 5.72 | H47: 18.85 | I47: 8.424 | L47: 19.1 | P47: =10^-I47*4 -> 1.5068152e-08 | Q47: =(G47*10^-6)/31.9988 -> 1.787567e-07 | R47: =(K47*10^-3/$W$3)*0.33 -> 0 | S47: =(J47*10^-3/$W$2)*0.941 -> 0 | T47: =R47+S47 -> 0
A48: CB2 | B48: 14.3 | C48: 7 | G48: 6.53 | H48: 18.7 | I48: 8.243 | L48: 19 | P48: =10^-I48*4 -> 2.2859145e-08 | Q48: =(G48*10^-6)/31.9988 -> 2.0407015e-07 | R48: =(K48*10^-3/$W$3)*0.33 -> 0 | S48: =(J48*10^-3/$W$2)*0.941 -> 0 | T48: =R48+S48 -> 0
A49: CB3 | B49: 14.3 | C49: 7 | F49: 97.1 | G49: 6.44 | H49: 19.12 | I49: 8.19 | L49: 18.9 | P49: =10^-I49*4 -> 2.5826169e-08 | Q49: =(G49*10^-6)/31.9988 -> 2.0125755e-07 | R49: =(K49*10^-3/$W$3)*0.33 -> 0 | S49: =(J49*10^-3/$W$2)*0.941 -> 0 | T49: =R49+S49 -> 0
A50: LL1 | B50: 16.3 | C50: 9 | D50: -448 | E50: -350.8 | F50: 97.1 | G50: 6.12 | H50: 18.82 | I50: 8.421 | J50: 0 | K50: =121*5 -> 605 | L50: 19.3 | M50: =D50/1000 -> -0.448 | N50: =M50*D50 -> 200.704 | O50: =(N50*10^-6)/D_Calculation_electrode_area!$B$19 -> 0.015780877 | P50: =10^-I50*4 -> 1.5172599e-08 | Q50: =(G50*10^-6)/31.9988 -> 1.9125717e-07 | R50: =(K50*10^-3/$W$3)*0.33 -> 0.0020783323 | S50: =(J50*10^-3/$W$2)*0.941 -> 0 | T50: =R50+S50 -> 0.0020783323
A51: LL2 | B51: 16.3 | C51: 9 | D51: -313.5 | E51: -156.3 | F51: 162.3 | G51: 4.82 | H51: 18.05 | I51: 8.329 | J51: 0 | K51: =120*5 -> 600 | L51: 19.5 | M51: =D51/1000 -> -0.3135 | N51: =M51*D51 -> 98.28225 | O51: =(N51*10^-6)/D_Calculation_electrode_area!$B$19 -> 0.0077276992 | P51: =10^-I51*4 -> 1.8752535e-08 | Q51: =(G51*10^-6)/31.9988 -> 1.5063065e-07 | R51: =(K51*10^-3/$W$3)*0.33 -> 0.002061156 | S51: =(J51*10^-3/$W$2)*0.941 -> 0 | T51: =R51+S51 -> 0.002061156
A52: LL3 | B52: 16.3 | C52: 9 | D52: -481.6 | E52: -266.7 | F52: 215 | G52: 5.84 | H52: 18.22 | I52: 8.373 | J52: 0 | K52: =77*10 -> 770 | L52: 19.2 | M52: =D52/1000 -> -0.4816 | N52: =M52*D52 -> 231.93856 | O52: =(N52*10^-6)/D_Calculation_electrode_area!$B$19 -> 0.018236776 | P52: =10^-I52*4 -> 1.6945719e-08 | Q52: =(G52*10^-6)/31.9988 -> 1.8250684e-07 | R52: =(K52*10^-3/$W$3)*0.33 -> 0.0026451501 | S52: =(J52*10^-3/$W$2)*0.941 -> 0 | T52: =R52+S52 -> 0.0026451501
A53: SL1 | B53: 16.3 | C53: 9 | D53: -242.5 | E53: -211.5 | F53: 26.78 | G53: 5.54 | H53: 18.47 | I53: 8.219 | J53: 0 | K53: =133*5 -> 665 | L53: 19.5 | M53: =D53/1000 -> -0.2425 | N53: =M53*D53 -> 58.80625 | O53: =(N53*10^-6)/D_Calculation_electrode_area!$B$19 -> 0.0046237954 | P53: =10^-I53*4 -> 2.4157945e-08 | Q53: =(G53*10^-6)/31.9988 -> 1.7313149e-07 | R53: =(K53*10^-3/$W$3)*0.33 -> 0.0022844478 | S53: =(J53*10^-3/$W$2)*0.941 -> 0 | T53: =R53+S53 -> 0.0022844478
A54: SL2 | B54: 16.3 | C54: 9 | D54: -302.2 | E54: -221.7 | F54: 80.2 | G54: 5.34 | H54: 18.06 | I54: 8.393 | J54: 0 | K54: =125*5 -> 625 | L54: 19.5 | M54: =D54/1000 -> -0.3022 | N54: =M54*D54 -> 91.32484 | O54: =(N54*10^-6)/D_Calculation_electrode_area!$B$19 -> 0.0071806546 | P54: =10^-I54*4 -> 1.6183036e-08 | Q54: =(G54*10^-6)/31.9988 -> 1.6688126e-07 | R54: =(K54*10^-3/$W$3)*0.33 -> 0.0021470375 | S54: =(J54*10^-3/$W$2)*0.941 -> 0 | T54: =R54+S54 -> 0.0021470375
A55: SL3 | B55: 16.3 | C55: 9 | D55: -250.8 | E55: -381.6 | F55: -130.9 | G55: 5.36 | H55: 18.69 | I55: 8.421 | J55: 0 | K55: =62.9*10 -> 629 | L55: 19.7 | M55: =D55/1000 -> -0.2508 | N55: =M55*D55 -> 62.90064 | O55: =(N55*10^-6)/D_Calculation_electrode_area!$B$19 -> 0.0049457275 | P55: =10^-I55*4 -> 1.5172599e-08 | Q55: =(G55*10^-6)/31.9988 -> 1.6750628e-07 | R55: =(K55*10^-3/$W$3)*0.33 -> 0.0021607785 | S55: =(J55*10^-3/$W$2)*0.941 -> 0 | T55: =R55+S55 -> 0.0021607785
A56: C-SL1 | B56: 16.3 | C56: 9 | D56: -747 | E56: -463.7 | F56: 283.8 | G56: 6.08 | H56: 18.88 | I56: 8.366 | J56: 0 | K56: =58.1*10 -> 581 | L56: 19.5 | M56: =D56/1000 -> -0.747 | N56: =M56*D56 -> 558.009 | O56: =(N56*10^-6)/D_Calculation_electrode_area!$B$19 -> 0.043874918 | P56: =10^-I56*4 -> 1.7221064e-08 | Q56: =(G56*10^-6)/31.9988 -> 1.9000713e-07 | R56: =(K56*10^-3/$W$3)*0.33 -> 0.001995886 | S56: =(J56*10^-3/$W$2)*0.941 -> 0 | T56: =R56+S56 -> 0.001995886
A57: C-SL2 | B57: 16.3 | C57: 9 | D57: -749 | E57: -464.8 | F57: 282.7 | G57: 5.61 | H57: 18.85 | I57: 8.316 | J57: 0 | K57: =65.3*10 -> 653 | L57: 19.7 | M57: =D57/1000 -> -0.749 | N57: =M57*D57 -> 561.001 | O57: =(N57*10^-6)/D_Calculation_electrode_area!$B$19 -> 0.044110172 | P57: =10^-I57*4 -> 1.9322352e-08 | Q57: =(G57*10^-6)/31.9988 -> 1.7531907e-07 | R57: =(K57*10^-3/$W$3)*0.33 -> 0.0022432247 | S57: =(J57*10^-3/$W$2)*0.941 -> 0 | T57: =R57+S57 -> 0.0022432247
A58: C-SL3 | B58: 16.3 | C58: 9 | D58: -733 | E58: -461.9 | F58: 272.2 | G58: 5.08 | H58: 18.95 | I58: 8.331 | J58: 0 | K58: =55.5*10 -> 555 | L58: 19.7 | M58: =D58/1000 -> -0.733 | N58: =M58*D58 -> 537.289 | O58: =(N58*10^-6)/D_Calculation_electrode_area!$B$19 -> 0.042245754 | P58: =10^-I58*4 -> 1.8666375e-08 | Q58: =(G58*10^-6)/31.9988 -> 1.5875595e-07 | R58: =(K58*10^-3/$W$3)*0.33 -> 0.0019065693 | S58: =(J58*10^-3/$W$2)*0.941 -> 0 | T58: =R58+S58 -> 0.0019065693
A59: CB1 | B59: 16.3 | C59: 9 | G59: 4.43 | H59: 18.81 | I59: 8.296 | J59: 0 | K59: =62.1*10 -> 621 | L59: 19.7 | P59: =10^-I59*4 -> 2.0232986e-08 | Q59: =(G59*10^-6)/31.9988 -> 1.3844269e-07 | R59: =(K59*10^-3/$W$3)*0.33 -> 0.0021332964 | S59: =(J59*10^-3/$W$2)*0.941 -> 0 | T59: =R59+S59 -> 0.0021332964
A60: CB2 | B60: 16.3 | C60: 9 | G60: 5.57 | H60: 18.59 | I60: 8.348 | J60: 0 | K60: =52.7*10 -> 527 | L60: 19.7 | P60: =10^-I60*4 -> 1.7949816e-08 | Q60: =(G60*10^-6)/31.9988 -> 1.7406903e-07 | R60: =(K60*10^-3/$W$3)*0.33 -> 0.001810382 | S60: =(J60*10^-3/$W$2)*0.941 -> 0 | T60: =R60+S60 -> 0.001810382
A61: CB3 | B61: 16.3 | C61: 9 | G61: 5.84 | H61: 19.02 | I61: 8.291 | J61: 0 | K61: =72.3*10 -> 723 | L61: 19.7 | P61: =10^-I61*4 -> 2.0467273e-08 | Q61: =(G61*10^-6)/31.9988 -> 1.8250684e-07 | R61: =(K61*10^-3/$W$3)*0.33 -> 0.0024836929 | S61: =(J61*10^-3/$W$2)*0.941 -> 0 | T61: =R61+S61 -> 0.0024836929
A62: LL1 | B62: 18.3 | C62: 11 | D62: -449 | E62: -351.5 | F62: 110.5 | G62: 4.84 | H62: 18.76 | I62: 8.407 | L62: 19.6 | M62: =D62/1000 -> -0.449 | N62: =M62*D62 -> 201.601 | O62: =(N62*10^-6)/D_Calculation_electrode_area!$B$19 -> 0.015851406 | P62: =10^-I62*4 -> 1.5669675e-08 | Q62: =(G62*10^-6)/31.9988 -> 1.5125567e-07 | R62: =(K62*10^-3/$W$3)*0.33 -> 0 | S62: =(J62*10^-3/$W$2)*0.941 -> 0 | T62: =R62+S62 -> 0
A63: LL2 | B63: 18.3 | C63: 11 | D63: -366.5 | E63: -204.6 | F63: 165 | G63: 4.19 | H63: 18.09 | I63: 8.331 | L63: 19.6 | M63: =D63/1000 -> -0.3665 | N63: =M63*D63 -> 134.32225 | O63: =(N63*10^-6)/D_Calculation_electrode_area!$B$19 -> 0.010561439 | P63: =10^-I63*4 -> 1.8666375e-08 | Q63: =(G63*10^-6)/31.9988 -> 1.3094241e-07 | R63: =(K63*10^-3/$W$3)*0.33 -> 0 | S63: =(J63*10^-3/$W$2)*0.941 -> 0 | T63: =R63+S63 -> 0
A64: LL3 | B64: 18.3 | C64: 11 | D64: -490.9 | E64: -269.9 | F64: 221.8 | G64: 5.45 | H64: 18.29 | I64: 8.394 | L64: 19.6 | M64: =D64/1000 -> -0.4909 | N64: =M64*D64 -> 240.98281 | O64: =(N64*10^-6)/D_Calculation_electrode_area!$B$19 -> 0.018947904 | P64: =10^-I64*4 -> 1.6145816e-08 | Q64: =(G64*10^-6)/31.9988 -> 1.7031889e-07 | R64: =(K64*10^-3/$W$3)*0.33 -> 0 | S64: =(J64*10^-3/$W$2)*0.941 -> 0 | T64: =R64+S64 -> 0
A65: SL1 | B65: 18.3 | C65: 11 | D65: -277.1 | E65: -221.1 | F65: 42.78 | G65: 4.67 | H65: 18.47 | I65: 8.155 | L65: 19.7 | M65: =D65/1000 -> -0.2771 | N65: =M65*D65 -> 76.78441 | O65: =(N65*10^-6)/D_Calculation_electrode_area!$B$19 -> 0.0060373752 | P65: =10^-I65*4 -> 2.799368e-08 | Q65: =(G65*10^-6)/31.9988 -> 1.4594297e-07 | R65: =(K65*10^-3/$W$3)*0.33 -> 0 | S65: =(J65*10^-3/$W$2)*0.941 -> 0 | T65: =R65+S65 -> 0
A66: SL2 | B66: 18.3 | C66: 11 | D66: -317.5 | E66: -271.9 | F66: 62.1 | G66: 4.68 | H66: 18.06 | I66: 8.23 | L66: 19.8 | M66: =D66/1000 -> -0.3175 | N66: =M66*D66 -> 100.80625 | O66: =(N66*10^-6)/D_Calculation_electrode_area!$B$19 -> 0.0079261553 | P66: =10^-I66*4 -> 2.3553746e-08 | Q66: =(G66*10^-6)/31.9988 -> 1.4625548e-07 | R66: =(K66*10^-3/$W$3)*0.33 -> 0 | S66: =(J66*10^-3/$W$2)*0.941 -> 0 | T66: =R66+S66 -> 0
A67: SL3 | B67: 18.3 | C67: 11 | D67: -286.3 | E67: -349.9 | F67: -57.81 | G67: 5.18 | H67: 18.66 | I67: 8.306 | L67: 19.8 | M67: =D67/1000 -> -0.2863 | N67: =M67*D67 -> 81.96769 | O67: =(N67*10^-6)/D_Calculation_electrode_area!$B$19 -> 0.0064449242 | P67: =10^-I67*4 -> 1.9772427e-08 | Q67: =(G67*10^-6)/31.9988 -> 1.6188107e-07 | R67: =(K67*10^-3/$W$3)*0.33 -> 0 | S67: =(J67*10^-3/$W$2)*0.941 -> 0 | T67: =R67+S67 -> 0
A68: C-SL1 | B68: 18.3 | C68: 11 | D68: -766 | E68: -474.1 | F68: 289.3 | G68: 5.65 | H68: 18.89 | I68: 8.335 | L68: 19.8 | M68: =D68/1000 -> -0.766 | N68: =M68*D68 -> 586.756 | O68: =(N68*10^-6)/D_Calculation_electrode_area!$B$19 -> 0.046135227 | P68: =10^-I68*4 -> 1.8495241e-08 | Q68: =(G68*10^-6)/31.9988 -> 1.7656912e-07 | R68: =(K68*10^-3/$W$3)*0.33 -> 0 | S68: =(J68*10^-3/$W$2)*0.941 -> 0 | T68: =R68+S68 -> 0
A69: C-SL2 | B69: 18.3 | C69: 11 | D69: -749 | E69: -463 | F69: 288.1 | G69: 5.3 | H69: 18.86 | I69: 8.265 | L69: 19.9 | M69: =D69/1000 -> -0.749 | N69: =M69*D69 -> 561.001 | O69: =(N69*10^-6)/D_Calculation_electrode_area!$B$19 -> 0.044110172 | P69: =10^-I69*4 -> 2.1730013e-08 | Q69: =(G69*10^-6)/31.9988 -> 1.6563121e-07 | R69: =(K69*10^-3/$W$3)*0.33 -> 0 | S69: =(J69*10^-3/$W$2)*0.941 -> 0 | T69: =R69+S69 -> 0
A70: C-SL3 | B70: 18.3 | C70: 11 | D70: -732 | E70: -461.1 | F70: 270.6 | G70: 4.85 | H70: 18.9 | I70: 8.312 | L70: 19.7 | M70: =D70/1000 -> -0.732 | N70: =M70*D70 -> 535.824 | O70: =(N70*10^-6)/D_Calculation_electrode_area!$B$19 -> 0.042130565 | P70: =10^-I70*4 -> 1.950114e-08 | Q70: =(G70*10^-6)/31.9988 -> 1.5156818e-07 | R70: =(K70*10^-3/$W$3)*0.33 -> 0 | S70: =(J70*10^-3/$W$2)*0.941 -> 0 | T70: =R70+S70 -> 0
A71: CB1 | B71: 18.3 | C71: 11 | G71: 4.69 | H71: 18.77 | I71: 8.434 | L71: 20 | P71: =10^-I71*4 -> 1.4725159e-08 | Q71: =(G71*10^-6)/31.9988 -> 1.46568e-07 | R71: =(K71*10^-3/$W$3)*0.33 -> 0 | S71: =(J71*10^-3/$W$2)*0.941 -> 0 | T71: =R71+S71 -> 0
A72: CB2 | B72: 18.3 | C72: 11 | G72: 4.65 | H72: 18.55 | I72: 8.283 | L72: 20 | P72: =10^-I72*4 -> 2.0847788e-08 | Q72: =(G72*10^-6)/31.9988 -> 1.4531795e-07 | R72: =(K72*10^-3/$W$3)*0.33 -> 0 | S72: =(J72*10^-3/$W$2)*0.941 -> 0 | T72: =R72+S72 -> 0
A73: CB3 | B73: 18.3 | C73: 11 | G73: 5.34 | H73: 18.98 | I73: 8.241 | L73: 20 | P73: =10^-I73*4 -> 2.2964658e-08 | Q73: =(G73*10^-6)/31.9988 -> 1.6688126e-07 | R73: =(K73*10^-3/$W$3)*0.33 -> 0 | S73: =(J73*10^-3/$W$2)*0.941 -> 0 | T73: =R73+S73 -> 0
A74: LL1 | B74: 21.3 | C74: 14 | D74: -441 | E74: -338.8 | F74: 110.3 | G74: 4.82 | H74: 18.82 | I74: 8.255 | L74: 19.5 | M74: =D74/1000 -> -0.441 | N74: =M74*D74 -> 194.481 | O74: =(N74*10^-6)/D_Calculation_electrode_area!$B$19 -> 0.015291578 | P74: =10^-I74*4 -> 2.223617e-08 | Q74: =(G74*10^-6)/31.9988 -> 1.5063065e-07 | R74: =(K74*10^-3/$W$3)*0.33 -> 0 | S74: =(J74*10^-3/$W$2)*0.941 -> 0 | T74: =R74+S74 -> 0
A75: LL2 | B75: 21.3 | C75: 14 | D75: -405.3 | E75: -270.3 | F75: 141.5 | G75: 4.47 | H75: 18.14 | I75: 8.326 | L75: 19.5 | M75: =D75/1000 -> -0.4053 | N75: =M75*D75 -> 164.26809 | O75: =(N75*10^-6)/D_Calculation_electrode_area!$B$19 -> 0.012916009 | P75: =10^-I75*4 -> 1.8882522e-08 | Q75: =(G75*10^-6)/31.9988 -> 1.3969274e-07 | R75: =(K75*10^-3/$W$3)*0.33 -> 0 | S75: =(J75*10^-3/$W$2)*0.941 -> 0 | T75: =R75+S75 -> 0
A76: LL3 | B76: 21.3 | C76: 14 | D76: -453.8 | E76: -280.5 | F76: 173.7 | G76: 5.46 | H76: 18.29 | I76: 8.503 | L76: 19.3 | M76: =D76/1000 -> -0.4538 | N76: =M76*D76 -> 205.93444 | O76: =(N76*10^-6)/D_Calculation_electrode_area!$B$19 -> 0.016192134 | P76: =10^-I76*4 -> 1.2562035e-08 | Q76: =(G76*10^-6)/31.9988 -> 1.706314e-07 | R76: =(K76*10^-3/$W$3)*0.33 -> 0 | S76: =(J76*10^-3/$W$2)*0.941 -> 0 | T76: =R76+S76 -> 0
A77: SL1 | B77: 21.3 | C77: 14 | D77: -280.1 | E77: -197.1 | F77: 85.1 | G77: 5.33 | H77: 18.47 | I77: 8.257 | L77: 19.5 | M77: =D77/1000 -> -0.2801 | N77: =M77*D77 -> 78.45601 | O77: =(N77*10^-6)/D_Calculation_electrode_area!$B$19 -> 0.0061688092 | P77: =10^-I77*4 -> 2.2134004e-08 | Q77: =(G77*10^-6)/31.9988 -> 1.6656875e-07 | R77: =(K77*10^-3/$W$3)*0.33 -> 0 | S77: =(J77*10^-3/$W$2)*0.941 -> 0 | T77: =R77+S77 -> 0
A78: SL2 | B78: 21.3 | C78: 14 | D78: -321 | E78: -292.9 | F78: 36.01 | G78: 4.38 | H78: 18.06 | I78: 8.204 | L78: 19.5 | M78: =D78/1000 -> -0.321 | N78: =M78*D78 -> 103.041 | O78: =(N78*10^-6)/D_Calculation_electrode_area!$B$19 -> 0.0081018684 | P78: =10^-I78*4 -> 2.5006908e-08 | Q78: =(G78*10^-6)/31.9988 -> 1.3688013e-07 | R78: =(K78*10^-3/$W$3)*0.33 -> 0 | S78: =(J78*10^-3/$W$2)*0.941 -> 0 | T78: =R78+S78 -> 0
A79: SL3 | B79: 21.3 | C79: 14 | D79: -169.7 | E79: 82.3 | F79: 252.8 | G79: 4.55 | H79: 18.63 | I79: 8.155 | L79: 19.6 | M79: =D79/1000 -> -0.1697 | N79: =M79*D79 -> 28.79809 | O79: =(N79*10^-6)/D_Calculation_electrode_area!$B$19 -> 0.0022643252 | P79: =10^-I79*4 -> 2.799368e-08 | Q79: =(G79*10^-6)/31.9988 -> 1.4219283e-07 | R79: =(K79*10^-3/$W$3)*0.33 -> 0 | S79: =(J79*10^-3/$W$2)*0.941 -> 0 | T79: =R79+S79 -> 0
A80: C-SL1 | B80: 21.3 | C80: 14 | D80: -773 | E80: -476 | F80: 297.6 | G80: 4.67 | H80: 18.85 | I80: 8.213 | L80: 19.7 | M80: =D80/1000 -> -0.773 | N80: =M80*D80 -> 597.529 | O80: =(N80*10^-6)/D_Calculation_electrode_area!$B$19 -> 0.046982282 | P80: =10^-I80*4 -> 2.4494016e-08 | Q80: =(G80*10^-6)/31.9988 -> 1.4594297e-07 | R80: =(K80*10^-3/$W$3)*0.33 -> 0 | S80: =(J80*10^-3/$W$2)*0.941 -> 0 | T80: =R80+S80 -> 0
A81: C-SL2 | B81: 21.3 | C81: 14 | D81: -757 | E81: -471.6 | F81: 300 | G81: 4.16 | H81: 18.85 | I81: 8.162 | L81: 19.7 | M81: =D81/1000 -> -0.757 | N81: =M81*D81 -> 573.049 | O81: =(N81*10^-6)/D_Calculation_electrode_area!$B$19 -> 0.045057478 | P81: =10^-I81*4 -> 2.7546092e-08 | Q81: =(G81*10^-6)/31.9988 -> 1.3000488e-07 | R81: =(K81*10^-3/$W$3)*0.33 -> 0 | S81: =(J81*10^-3/$W$2)*0.941 -> 0 | T81: =R81+S81 -> 0
A82: C-SL3 | B82: 21.3 | C82: 14 | D82: -730 | E82: -469.2 | F82: 262.9 | G82: 4.57 | H82: 18.86 | I82: 8.207 | L82: 19.7 | M82: =D82/1000 -> -0.73 | N82: =M82*D82 -> 532.9 | O82: =(N82*10^-6)/D_Calculation_electrode_area!$B$19 -> 0.041900658 | P82: =10^-I82*4 -> 2.4834761e-08 | Q82: =(G82*10^-6)/31.9988 -> 1.4281786e-07 | R82: =(K82*10^-3/$W$3)*0.33 -> 0 | S82: =(J82*10^-3/$W$2)*0.941 -> 0 | T82: =R82+S82 -> 0
A83: CB1 | B83: 21.3 | C83: 14 | G83: 4.87 | H83: 18.76 | I83: 8.425 | L83: 19.7 | P83: =10^-I83*4 -> 1.5033496e-08 | Q83: =(G83*10^-6)/31.9988 -> 1.5219321e-07 | R83: =(K83*10^-3/$W$3)*0.33 -> 0 | S83: =(J83*10^-3/$W$2)*0.941 -> 0 | T83: =R83+S83 -> 0
A84: CB2 | B84: 21.3 | C84: 14 | G84: 5.05 | H84: 18.52 | I84: 8.322 | L84: 19.7 | P84: =10^-I84*4 -> 1.9057239e-08 | Q84: =(G84*10^-6)/31.9988 -> 1.5781842e-07 | R84: =(K84*10^-3/$W$3)*0.33 -> 0 | S84: =(J84*10^-3/$W$2)*0.941 -> 0 | T84: =R84+S84 -> 0
A85: CB3 | B85: 21.3 | C85: 14 | G85: 5.41 | H85: 18.94 | I85: 8.109 | L85: 19.7 | P85: =10^-I85*4 -> 3.1121462e-08 | Q85: =(G85*10^-6)/31.9988 -> 1.6906884e-07 | R85: =(K85*10^-3/$W$3)*0.33 -> 0 | S85: =(J85*10^-3/$W$2)*0.941 -> 0 | T85: =R85+S85 -> 0
A86: LL1 | B86: 23.3 | C86: 16 | D86: -447.2 | E86: -335.8 | F86: 111.7 | G86: 4.04 | H86: 18.71 | I86: 8.229 | J86: 0 | K86: =127*5 -> 635 | L86: 19.9 | M86: =D86/1000 -> -0.4472 | N86: =D86*M86 -> 199.98784 | O86: =(N86*10^-6)/D_Calculation_electrode_area!$B$19 -> 0.015724567 | P86: =10^-I86*4 -> 2.3608043e-08 | Q86: =(G86*10^-6)/31.9988 -> 1.2625473e-07 | R86: =(K86*10^-3/$W$3)*0.33 -> 0.0021813901 | S86: =(J86*10^-3/$W$2)*0.941 -> 0 | T86: =R86+S86 -> 0.0021813901
A87: LL2 | B87: 23.3 | C87: 16 | D87: -417.2 | E87: -258.5 | F87: 148.2 | G87: 4.64 | H87: 18.16 | I87: 8.603 | J87: 0 | K87: =123*5 -> 615 | L87: 19.8 | M87: =D87/1000 -> -0.4172 | N87: =D87*M87 -> 174.05584 | O87: =(N87*10^-6)/D_Calculation_electrode_area!$B$19 -> 0.013685596 | P87: =10^-I87*4 -> 9.9783789e-09 | Q87: =(G87*10^-6)/31.9988 -> 1.4500544e-07 | R87: =(K87*10^-3/$W$3)*0.33 -> 0.0021126849 | S87: =(J87*10^-3/$W$2)*0.941 -> 0 | T87: =R87+S87 -> 0.0021126849
A88: LL3 | B88: 23.3 | C88: 16 | D88: -500.1 | E88: -268.8 | F88: 223.1 | G88: 5.63 | H88: 18.21 | I88: 8.574 | J88: 0 | K88: =157*5 -> 785 | L88: 20 | M88: =D88/1000 -> -0.5001 | N88: =D88*M88 -> 250.10001 | O88: =(N88*10^-6)/D_Calculation_electrode_area!$B$19 -> 0.019664768 | P88: =10^-I88*4 -> 1.0667435e-08 | Q88: =(G88*10^-6)/31.9988 -> 1.759441e-07 | R88: =(K88*10^-3/$W$3)*0.33 -> 0.002696679 | S88: =(J88*10^-3/$W$2)*0.941 -> 0 | T88: =R88+S88 -> 0.002696679
A89: SL1 | B89: 23.3 | C89: 16 | D89: -293.9 | E89: -133 | F89: 173.5 | G89: 5.79 | H89: 18.38 | I89: 8.338 | J89: 0 | K89: =135*5 -> 675 | L89: 20.2 | M89: =D89/1000 -> -0.2939 | N89: =D89*M89 -> 86.37721 | O89: =(N89*10^-6)/D_Calculation_electrode_area!$B$19 -> 0.0067916343 | P89: =10^-I89*4 -> 1.8367921e-08 | Q89: =(G89*10^-6)/31.9988 -> 1.8094429e-07 | R89: =(K89*10^-3/$W$3)*0.33 -> 0.0023188004 | S89: =(J89*10^-3/$W$2)*0.941 -> 0 | T89: =R89+S89 -> 0.0023188004
A90: SL2 | B90: 23.3 | C90: 16 | D90: -302.5 | E90: -271 | F90: 38.5 | G90: 5.77 | H90: 17.96 | I90: 8.302 | J90: 0 | K90: =127*5 -> 635 | L90: 20.2 | M90: =D90/1000 -> -0.3025 | N90: =D90*M90 -> 91.50625 | O90: =(N90*10^-6)/D_Calculation_electrode_area!$B$19 -> 0.0071949185 | P90: =10^-I90*4 -> 1.9955379e-08 | Q90: =(G90*10^-6)/31.9988 -> 1.8031926e-07 | R90: =(K90*10^-3/$W$3)*0.33 -> 0.0021813901 | S90: =(J90*10^-3/$W$2)*0.941 -> 0 | T90: =R90+S90 -> 0.0021813901
A91: SL3 | B91: 23.3 | C91: 16 | D91: -112.2 | E91: -135.7 | F91: 262 | G91: 5.74 | H91: 18.51 | I91: 8.301 | J91: 0 | K91: =142*5 -> 710 | L91: 20.2 | M91: =D91/1000 -> -0.1122 | N91: =D91*M91 -> 12.58884 | O91: =(N91*10^-6)/D_Calculation_electrode_area!$B$19 -> 0.0009898305 | P91: =10^-I91*4 -> 2.0001381e-08 | Q91: =(G91*10^-6)/31.9988 -> 1.7938173e-07 | R91: =(K91*10^-3/$W$3)*0.33 -> 0.0024390345 | S91: =(J91*10^-3/$W$2)*0.941 -> 0 | T91: =R91+S91 -> 0.0024390345
A92: C-SL1 | B92: 23.3 | C92: 16 | D92: -762 | E92: -467.1 | F92: 219.9 | G92: 4.2 | H92: 18.78 | I92: 8.102 | J92: 0 | K92: =125*5 -> 625 | L92: 20.4 | M92: =D92/1000 -> -0.762 | N92: =D92*M92 -> 580.644 | O92: =(N92*10^-6)/D_Calculation_electrode_area!$B$19 -> 0.045654655 | P92: =10^-I92*4 -> 3.1627145e-08 | Q92: =(G92*10^-6)/31.9988 -> 1.3125492e-07 | R92: =(K92*10^-3/$W$3)*0.33 -> 0.0021470375 | S92: =(J92*10^-3/$W$2)*0.941 -> 0 | T92: =R92+S92 -> 0.0021470375
A93: C-SL2 | B93: 23.3 | C93: 16 | D93: -784 | E93: -472.4 | F93: 303.7 | G93: 3.5 | H93: 18.73 | I93: 8.053 | J93: 0 | K93: =124*5 -> 620 | L93: 20.3 | M93: =D93/1000 -> -0.784 | N93: =D93*M93 -> 614.656 | O93: =(N93*10^-6)/D_Calculation_electrode_area!$B$19 -> 0.048328937 | P93: =10^-I93*4 -> 3.5404624e-08 | Q93: =(G93*10^-6)/31.9988 -> 1.093791e-07 | R93: =(K93*10^-3/$W$3)*0.33 -> 0.0021298612 | S93: =(J93*10^-3/$W$2)*0.941 -> 0 | T93: =R93+S93 -> 0.0021298612
A94: C-SL3 | B94: 23.3 | C94: 16 | D94: -752 | E94: -474 | F94: 272.6 | G94: 3.74 | H94: 18.74 | I94: 8.216 | J94: 0 | K94: =140*5 -> 700 | L94: 20.4 | M94: =D94/1000 -> -0.752 | N94: =D94*M94 -> 565.504 | O94: =(N94*10^-6)/D_Calculation_electrode_area!$B$19 -> 0.044464232 | P94: =10^-I94*4 -> 2.43254e-08 | Q94: =(G94*10^-6)/31.9988 -> 1.1687938e-07 | R94: =(K94*10^-3/$W$3)*0.33 -> 0.0024046819 | S94: =(J94*10^-3/$W$2)*0.941 -> 0 | T94: =R94+S94 -> 0.0024046819
A95: CB1 | B95: 23.3 | C95: 16 | G95: 4.22 | H95: 18.67 | I95: 8.224 | J95: 0 | K95: =125*5 -> 625 | L95: 20.4 | P95: =10^-I95*4 -> 2.3881411e-08 | Q95: =(G95*10^-6)/31.9988 -> 1.3187995e-07 | R95: =(K95*10^-3/$W$3)*0.33 -> 0.0021470375 | S95: =(J95*10^-3/$W$2)*0.941 -> 0 | T95: =R95+S95 -> 0.0021470375
A96: CB2 | B96: 23.3 | C96: 16 | G96: 4.58 | H96: 18.43 | I96: 8.359 | J96: 0 | K96: =60*5 -> 300 | L96: 20.4 | P96: =10^-I96*4 -> 1.7500884e-08 | Q96: =(G96*10^-6)/31.9988 -> 1.4313037e-07 | R96: =(K96*10^-3/$W$3)*0.33 -> 0.001030578 | S96: =(J96*10^-3/$W$2)*0.941 -> 0 | T96: =R96+S96 -> 0.001030578
A97: CB3 | B97: 23.3 | C97: 16 | G97: 4.16 | H97: 18.81 | I97: 8.048 | J97: 0 | K97: =134*5 -> 670 | L97: 20.4 | P97: =10^-I97*4 -> 3.5814591e-08 | Q97: =(G97*10^-6)/31.9988 -> 1.3000488e-07 | R97: =(K97*10^-3/$W$3)*0.33 -> 0.0023016241 | S97: =(J97*10^-3/$W$2)*0.941 -> 0 | T97: =R97+S97 -> 0.0023016241
A98: LL1 | B98: 25.3 | C98: 18 | D98: -440.4 | E98: -341.8 | F98: 110 | G98: 5.13 | H98: 18.69 | I98: 8.23 | L98: 20.4 | M98: =D98/1000 -> -0.4404 | N98: =D98*M98 -> 193.95216 | O98: =(N98*10^-6)/D_Calculation_electrode_area!$B$19 -> 0.015249996 | P98: =10^-I98*4 -> 2.3553746e-08 | Q98: =(G98*10^-6)/31.9988 -> 1.6031851e-07 | R98: =(K98*10^-3/$W$3)*0.33 -> 0 | S98: =(J98*10^-3/$W$2)*0.941 -> 0 | T98: =R98+S98 -> 0
A99: LL2 | B99: 25.3 | C99: 18 | D99: -434.5 | E99: -280.5 | F99: 142.1 | G99: 4.98 | H99: 18.21 | I99: 8.321 | L99: 20.4 | M99: =D99/1000 -> -0.4345 | N99: =D99*M99 -> 188.79025 | O99: =(N99*10^-6)/D_Calculation_electrode_area!$B$19 -> 0.014844128 | P99: =10^-I99*4 -> 1.9101171e-08 | Q99: =(G99*10^-6)/31.9988 -> 1.5563084e-07 | R99: =(K99*10^-3/$W$3)*0.33 -> 0 | S99: =(J99*10^-3/$W$2)*0.941 -> 0 | T99: =R99+S99 -> 0
A100: LL3 | B100: 25.3 | C100: 18 | D100: -506.6 | E100: -270.6 | F100: 232.2 | G100: 6.44 | H100: 18.22 | I100: 8.551 | L100: 20.4 | M100: =D100/1000 -> -0.5066 | N100: =D100*M100 -> 256.64356 | O100: =(N100*10^-6)/D_Calculation_electrode_area!$B$19 -> 0.020179272 | P100: =10^-I100*4 -> 1.1247603e-08 | Q100: =(G100*10^-6)/31.9988 -> 2.0125755e-07 | R100: =(K100*10^-3/$W$3)*0.33 -> 0 | S100: =(J100*10^-3/$W$2)*0.941 -> 0 | T100: =R100+S100 -> 0
...

Sheet C_Data_PowerPolarization_curve
A1: Treatment | B1: Resistor | C1: Pot [mV] | D1: Pot [V] | E1: Power/area [W/m2] | F1: Current/area [A/m2]
A2: C1 | B2: 10000 | C2: -514.8 | D2: =C2*10^-3 -> -0.5148 | E2: =((D2)^2/B2)/D_Calculation_electrode_area!$H$22 -> 1.4723277e-09 | F2: =E2/D2 -> -2.8599994e-09
A3: C1 | B3: 6800 | C3: -474.4 | D3: =C3*10^-3 -> -0.4744 | E3: =((D3)^2/B3)/D_Calculation_electrode_area!$H$22 -> 1.8386872e-09 | F3: =E3/D3 -> -3.8758162e-09
A4: C1 | B4: 4700 | C4: -415.2 | D4: =C4*10^-3 -> -0.4152 | E4: =((D4)^2/B4)/D_Calculation_electrode_area!$H$22 -> 2.0377187e-09 | F4: =E4/D4 -> -4.9078004e-09
A5: C1 | B5: 1000 | C5: -162.3 | D5: =C5*10^-3 -> -0.1623 | E5: =((D5)^2/B5)/D_Calculation_electrode_area!$H$22 -> 1.4634047e-09 | F5: =E5/D5 -> -9.0166649e-09
A6: C1 | B6: 560 | C6: -103.9 | D6: =C6*10^-3 -> -0.1039 | E6: =((D6)^2/B6)/D_Calculation_electrode_area!$H$22 -> 1.0709532e-09 | F6: =E6/D6 -> -1.0307538e-08
A7: C1 | B7: 100 | C7: -21.09 | D7: =C7*10^-3 -> -0.02109 | E7: =((D7)^2/B7)/D_Calculation_electrode_area!$H$22 -> 2.4710445e-10 | F7: =E7/D7 -> -1.1716664e-08
A8: C1 | B8: 10 | C8: -2.16 | D8: =C8*10^-3 -> -0.00216 | E8: =((D8)^2/B8)/D_Calculation_electrode_area!$H$22 -> 2.5919995e-11 | F8: =E8/D8 -> -1.1999998e-08
A9: C2 | B9: 10000 | C9: -499.2 | D9: =C9*10^-3 -> -0.4992 | E9: =((D9)^2/B9)/D_Calculation_electrode_area!$H$22 -> 1.3844477e-09 | F9: =E9/D9 -> -2.7733328e-09
A10: C2 | B10: 6800 | C10: -453.6 | D10: =C10*10^-3 -> -0.4536 | E10: =((D10)^2/B10)/D_Calculation_electrode_area!$H$22 -> 1.6809879e-09 | F10: =E10/D10 -> -3.7058816e-09
A11: C2 | B11: 4700 | C11: -387.8 | D11: =C11*10^-3 -> -0.3878 | E11: =((D11)^2/B11)/D_Calculation_electrode_area!$H$22 -> 1.7776455e-09 | F11: =E11/D11 -> -4.5839234e-09
A12: C2 | B12: 1000 | C12: -125.5 | D12: =C12*10^-3 -> -0.1255 | E12: =((D12)^2/B12)/D_Calculation_electrode_area!$H$22 -> 8.7501371e-10 | F12: =E12/D12 -> -6.9722208e-09
A13: C2 | B13: 560 | C13: -76.2 | D13: =C13*10^-3 -> -0.0762 | E13: =((D13)^2/B13)/D_Calculation_electrode_area!$H$22 -> 5.760356e-10 | F13: =E13/D13 -> -7.5595223e-09
... A22: C3 | B22: 10 | C22: -3.17 | D22: =C22*10^-3 -> -0.00317 | E22: =((D22)^2/B22)/D_Calculation_electrode_area!$H$22 -> 5.5827211e-11 | F22: =E22/D22 -> -1.7611108e-08
A23: S1 | B23: 10000 | C23: -440 | D23: =C23*10^-3 -> -0.44 | E23: =((D23)^2/B23)/D_Calculation_electrode_area!$H$21 -> 0.0053503461 | F23: =E23/D23 -> -0.012159878
A24: S1 | B24: 6800 | C24: -390 | D24: =C24*10^-3 -> -0.39 | E24: =((D24)^2/B24)/D_Calculation_electrode_area!$H$21 -> 0.006181542 | F24: =E24/D24 -> -0.015850108
A25: S1 | B25: 4700 | C25: -338 | D25: =C25*10^-3 -> -0.338 | E25: =((D25)^2/B25)/D_Calculation_electrode_area!$H$21 -> 0.0067175679 | F25: =E25/D25 -> -0.019874461
A26: S1 | B26: 1000 | C26: -136 | D26: =C26*10^-3 -> -0.136 | E26: =((D26)^2/B26)/D_Calculation_electrode_area!$H$21 -> 0.0051115703 | F26: =E26/D26 -> -0.037585076
A27: S1 | B27: 560 | C27: -85 | D27: =C27*10^-3 -> -0.085 | E27: =((D27)^2/B27)/D_Calculation_electrode_area!$H$21 -> 0.0035655485 | F27: =E27/D27 -> -0.041947629
A28: S1 | B28: 100 | C28: -17.7 | D28: =C28*10^-3 -> -0.0177 | E28: =((D28)^2/B28)/D_Calculation_electrode_area!$H$21 -> 0.00086581092 | F28: =E28/D28 -> -0.048915871
A29: S1 | B29: 10 | C29: -1.8 | D29: =C29*10^-3 -> -0.0018 | E29: =((D29)^2/B29)/D_Calculation_electrode_area!$H$21 -> 8.9540916e-05 | F29: =E29/D29 -> -0.049744953
A30: S2 | B30: 10000 | C30: -287 | D30: =C30*10^-3 -> -0.287 | E30: =((D30)^2/B30)/D_Calculation_electrode_area!$H$21 -> 0.0022763567 | F30: =E30/D30 -> -0.0079315565
A31: S2 | B31: 6800 | C31: -183 | D31: =C31*10^-3 -> -0.183 | E31: =((D31)^2/B31)/D_Calculation_electrode_area!$H$21 -> 0.0013610366 | F31: =E31/D31 -> -0.0074373582
A32: S2 | B32: 4700 | C32: -149 | D32: =C32*10^-3 -> -0.149 | E32: =((D32)^2/B32)/D_Calculation_electrode_area!$H$21 -> 0.0013054228 | F32: =E32/D32 -> -0.008761227
A33: S2 | B33: 1000 | C33: -48 | D33: =C33*10^-3 -> -0.048 | E33: =((D33)^2/B33)/D_Calculation_electrode_area!$H$21 -> 0.0006367354 | F33: =E33/D33 -> -0.013265321
A34: S2 | B34: 560 | C34: -30 | D34: =C34*10^-3 -> -0.03 | E34: =((D34)^2/B34)/D_Calculation_electrode_area!$H$21 -> 0.00044415137 | F34: =E34/D34 -> -0.014805046
... A43: S3 | B43: 10 | C43: -1.2 | D43: =C43*10^-3 -> -0.0012 | E43: =((D43)^2/B43)/D_Calculation_electrode_area!$H$21 -> 3.9795963e-05 | F43: =E43/D43 -> -0.033163302
A44: CC | B44: 10000 | C44: -212.2 | D44: =C44*10^-3 -> -0.2122 | E44: =((D44)^2/B44)/D_Calculation_electrode_area!$H$22 -> 2.5016017e-10 | F44: =E44/D44 -> -1.1788887e-09
A45: CC | B45: 6800 | C45: -175.8 | D45: =C45*10^-3 -> -0.1758 | E45: =((D45)^2/B45)/D_Calculation_electrode_area!$H$22 -> 2.5249701e-10 | F45: =E45/D45 -> -1.4362742e-09
A46: CC | B46: 4700 | C46: -127.3 | D46: =C46*10^-3 -> -0.1273 | E46: =((D46)^2/B46)/D_Calculation_electrode_area!$H$22 -> 1.9155185e-10 | F46: =E46/D46 -> -1.5047278e-09
A47: CC | B47: 1000 | C47: -37.48 | D47: =C47*10^-3 -> -0.03748 | E47: =((D47)^2/B47)/D_Calculation_electrode_area!$H$22 -> 7.8041673e-11 | F47: =E47/D47 -> -2.0822218e-09
A48: CC | B48: 560 | C48: -16.7 | D48: =C48*10^-3 -> -0.0167 | E48: =((D48)^2/B48)/D_Calculation_electrode_area!$H$22 -> 2.7667653e-11 | F48: =E48/D48 -> -1.6567457e-09
A49: CC | B49: 100 | C49: -2.65 | D49: =C49*10^-3 -> -0.00265 | E49: =((D49)^2/B49)/D_Calculation_electrode_area!$H$22 -> 3.9013881e-12 | F49: =E49/D49 -> -1.4722219e-09
A50: CC | B50: 10 | C50: -0.25 | D50: =C50*10^-3 -> -0.00025 | E50: =((D50)^2/B50)/D_Calculation_electrode_area!$H$22 -> 3.4722215e-13 | F50: =E50/D50 -> -1.3888886e-09
A51: SC | B51: 10000 | C51: -203.1 | D51: =C51*10^-3 -> -0.2031 | E51: =((D51)^2/B51)/D_Calculation_electrode_area!$H$21 -> 0.0011399777 | F51: =E51/D51 -> -0.0056128889
A52: SC | B52: 6800 | C52: -169.4 | D52: =C52*10^-3 -> -0.1694 | E52: =((D52)^2/B52)/D_Calculation_electrode_area!$H$21 -> 0.0011662574 | F52: =E52/D52 -> -0.0068846365
A53: SC | B53: 4700 | C53: -116.7 | D53: =C53*10^-3 -> -0.1167 | E53: =((D53)^2/B53)/D_Calculation_electrode_area!$H$21 -> 0.0008007932 | F53: =E53/D53 -> -0.0068619812
A54: SC | B54: 1000 | C54: -25.45 | D54: =C54*10^-3 -> -0.02545 | E54: =((D54)^2/B54)/D_Calculation_electrode_area!$H$21 -> 0.00017899962 | F54: =E54/D54 -> -0.0070333837
A55: SC | B55: 560 | C55: -23.44 | D55: =C55*10^-3 -> -0.02344 | E55: =((D55)^2/B55)/D_Calculation_electrode_area!$H$21 -> 0.00027114632 | F55: =E55/D55 -> -0.011567676
A56: SC | B56: 100 | C56: -5.14 | D56: =C56*10^-3 -> -0.00514 | E56: =((D56)^2/B56)/D_Calculation_electrode_area!$H$21 -> 7.3013432e-05 | F56: =E56/D56 -> -0.014204948
A57: SC | B57: 10 | C57: -0.51 | D57: =C57*10^-3 -> -0.00051 | E57: =((D57)^2/B57)/D_Calculation_electrode_area!$H$21 -> 7.1881458e-06 | F57: =E57/D57 -> -0.014094403
A58: LL1 | B58: 10000 | C58: -533.4 | D58: =C58*10^-3 -> -0.5334 | E58: =(D58^2/B58)/D_Calculation_electrode_area!$B$19 -> 0.0022370781 | F58: =E58/D58 -> -0.0041939971
A59: LL1 | B59: 6800 | C59: -519.3 | D59: =C59*10^-3 -> -0.5193 | E59: =(D59^2/B59)/D_Calculation_electrode_area!$B$19 -> 0.003118192 | F59: =E59/D59 -> -0.0060046062
A60: LL1 | B60: 4700 | C60: -487.3 | D60: =C60*10^-3 -> -0.4873 | E60: =(D60^2/B60)/D_Calculation_electrode_area!$B$19 -> 0.0039725565 | F60: =E60/D60 -> -0.0081521783
A61: LL1 | B61: 1000 | C61: -201.4 | D61: =C61*10^-3 -> -0.2014 | E61: =(D61^2/B61)/D_Calculation_electrode_area!$B$19 -> 0.0031892903 | F61: =E61/D61 -> -0.015835602
A62: LL1 | B62: 560 | C62: -123 | D62: =C62*10^-3 -> -0.123 | E62: =(D62^2/B62)/D_Calculation_electrode_area!$B$19 -> 0.0021242093 | F62: =E62/D62 -> -0.017269995
A63: LL1 | B63: 100 | C63: -24.31 | D63: =C63*10^-3 -> -0.02431 | E63: =(D63^2/B63)/D_Calculation_electrode_area!$B$19 -> 0.00046467043 | F63: =E63/D63 -> -0.019114374
A64: LL1 | B64: 10 | C64: -2.45 | D64: =C64*10^-3 -> -0.00245 | E64: =(D64^2/B64)/D_Calculation_electrode_area!$B$19 -> 4.7196228e-05 | F64: =E64/D64 -> -0.019263766
A65: LL2 | B65: 10000 | C65: -568.6 | D65: =C65*10^-3 -> -0.5686 | E65: =(D65^2/B65)/D_Calculation_electrode_area!$B$19 -> 0.0025420777 | F65: =E65/D65 -> -0.0044707663
A66: LL2 | B66: 6800 | C66: -550.2 | D66: =C66*10^-3 -> -0.5502 | E66: =(D66^2/B66)/D_Calculation_electrode_area!$B$19 -> 0.003500317 | F66: =E66/D66 -> -0.0063618993
A67: LL2 | B67: 4700 | C67: -518.3 | D67: =C67*10^-3 -> -0.5183 | E67: =(D67^2/B67)/D_Calculation_electrode_area!$B$19 -> 0.0044940684 | F67: =E67/D67 -> -0.008670786
A68: LL2 | B68: 1000 | C68: -285.6 | D68: =C68*10^-3 -> -0.2856 | E68: =(D68^2/B68)/D_Calculation_electrode_area!$B$19 -> 0.0064134472 | F68: =E68/D68 -> -0.022456048
A69: LL2 | B69: 560 | C69: -193.6 | D69: =C69*10^-3 -> -0.1936 | E69: =(D69^2/B69)/D_Calculation_electrode_area!$B$19 -> 0.0052625689 | F69: =E69/D69 -> -0.027182691
... A81: SL1 | B81: 4700 | C81: -523.3 | D81: =C81*10^-3 -> -0.5233 | E81: =(D81^2/B81)/D_Calculation_electrode_area!$B$19 -> 0.0045811945 | F81: =E81/D81 -> -0.0087544324
A82: SL1 | B82: 1000 | C82: -349 | D82: =C82*10^-3 -> -0.349 | F82: =E82/D82 -> 0
A83: SL1 | B83: 560 | C83: -234.1 | D83: =C83*10^-3 -> -0.2341 | E83: =(D83^2/B83)/D_Calculation_electrode_area!$B$19 -> 0.0076946686 | F83: =E83/D83 -> -0.032869152
A84: SL1 | B84: 100 | C84: -50.48 | D84: =C84*10^-3 -> -0.05048 | E84: =(D84^2/B84)/D_Calculation_electrode_area!$B$19 -> 0.0020036129 | F84: =E84/D84 -> -0.039691221
A85: SL1 | B85: 10 | C85: -5.44 | D85: =C85*10^-3 -> -0.00544 | E85: =(D85^2/B85)/D_Calculation_electrode_area!$B$19 -> 0.00023268743 | F85: =E85/D85 -> -0.042773424
A86: SL2 | B86: 10000 | C86: -477.1 | D86: =C86*10^-3 -> -0.4771 | E86: =(D86^2/B86)/D_Calculation_electrode_area!$B$19 -> 0.0017897565 | F86: =E86/D86 -> -0.0037513236
A87: SL2 | B87: 6800 | C87: -431.4 | D87: =C87*10^-3 -> -0.4314 | E87: =(D87^2/B87)/D_Calculation_electrode_area!$B$19 -> 0.0021519218 | F87: =E87/D87 -> -0.0049882286
A88: SL2 | B88: 4700 | C88: -380.9 | D88: =C88*10^-3 -> -0.3809 | E88: =(D88^2/B88)/D_Calculation_electrode_area!$B$19 -> 0.0024271645 | F88: =E88/D88 -> -0.0063721829
A89: SL2 | B89: 1000 | C89: -163.5 | D89: =C89*10^-3 -> -0.1635 | E89: =(D89^2/B89)/D_Calculation_electrode_area!$B$19 -> 0.0021018931 | F89: =E89/D89 -> -0.012855616
A90: SL2 | B90: 560 | C90: -101 | D90: =C90*10^-3 -> -0.101 | E90: =(D90^2/B90)/D_Calculation_electrode_area!$B$19 -> 0.0014322863 | F90: =E90/D90 -> -0.014181053
A91: SL2 | B91: 100 | C91: -21.04 | D91: =C91*10^-3 -> -0.02104 | E91: =(D91^2/B91)/D_Calculation_electrode_area!$B$19 -> 0.00034807 | F91: =E91/D91 -> -0.016543251
A92: SL2 | B92: 10 | C92: -2.2 | D92: =C92*10^-3 -> -0.0022 | E92: =(D92^2/B92)/D_Calculation_electrode_area!$B$19 -> 3.8055767e-05 | F92: =E92/D92 -> -0.017298076
A93: SL3 | B93: 10000 | C93: -320.4 | D93: =C93*10^-3 -> -0.3204 | E93: =(D93^2/B93)/D_Calculation_electrode_area!$B$19 -> 0.00080716093 | F93: =E93/D93 -> -0.0025192289
A94: SL3 | B94: 6800 | C94: -282.5 | D94: =C94*10^-3 -> -0.2825 | E94: =(D94^2/B94)/D_Calculation_electrode_area!$B$19 -> 0.00092279049 | F94: =E94/D94 -> -0.003266515
... A106: C-SL | B106: 10 | C106: -0.41 | D106: =C106*10^-3 -> -0.00041 | E106: =(D106^2/B106)/D_Calculation_electrode_area!$B$19 -> 1.3217303e-06 | F106: =E106/D106 -> -0.0032237323

Sheet D_Calculation_electrode_area
A4: Big electrode area (BOX) | G4: Small electrode area (Reactor)
A5: Net diameter | B5: 0.5 | C5: mm | G5: Net diameter | H5: 0.5 | I5: mm
A6: Net radius | B6: =B5/2 -> 0.25 | C6: mm | G6: Net radius | H6: =H5/2 -> 0.25 | I6: mm
A7: Electrode width | B7: 150 | C7: mm | G7: Electrode width | H7: 80 | I7: mm
A8: Electrode depth | B8: 150 | C8: mm | G8: Electrode depth | H8: 80 | I8: mm
A9: Treads pr. mm | B9: 0.1 | C9: tread pr. mm | G9: Treads pr. mm | H9: 0.1 | I9: tread pr. mm
A10: Welding | B10: 1 | C10: mm pr. welding | G10: Welding | H10: 1 | I10: mm pr. welding
A11: Amount of weldings | B11: =15*15*2 -> 450 | C11: weldings | G11: Amount of weldings | H11: =8*8*2 -> 128 | I11: weldings
A12: Total length of electrode wire | B12: =B9*B8*B8+B9*B7*B7-B10*B11 -> 4050 | C12: mm | G12: Total length of electrode wire | H12: =H9*H8*H8+H9*H7*H7-H10*H11 -> 1152 | I12: mm
A13: Pi | B13: 3.14 | G13: Pi | H13: 3.14
G15: Coal area | H15: =1200 -> 1200 | I15: m2/g
A16: Projected area | B16: =2*B13*B6*(B6+B12)+1*B13*B6^2 -> 6359.0887 | C16: mm^2 | G16: mass of coal | H16: 15 | I16: g
A17: Projected area | B17: =B16*10^-6 -> 0.0063590887 | C17: m^2 | G17: Total coal surface area | H17: =H15*H16 -> 18000 | I17: m2
A18: Actual area | B18: =B16*2 -> 12718.177 | C18: mm^2
A19: Actual area | B19: =B18*10^-6 -> 0.012718177 | C19: m^2 | G19: Projected area (without coal) | H19: =2*H13*H6*(H6+H12)+1*H13*H6^2 -> 1809.2287 | I19: mm^2
G20: Projected area | H20: =H19*10^-6+H17 -> 18000.002 | I20: m^2
G21: Actual area (without coal) | H21: =H19*2*10^-6 -> 0.0036184575 | I21: m^2
G22: Actual area | H22: =H21+H17 -> 18000.004 | I22: m^2
A23: Calculating the length of steel without coal

Sheet E_Barplots
A1: Reactor | B1: S1 [mol/L] | C1: S2 [mol/L] | D1: Day | F1: Reactor | G1: S1 [mol/L] | H1: S2 [mol/L] | I1: Day
A2: C1 | B2: 0.00649 | C2: 5.1055e-06 | D2: 0 | F2: S1 | G2: 0.00677 | H2: 6.39655e-06 | I2: 0
A3: C2 | B3: 0.00685 | C3: 8.0397e-06 | F3: S2 | G3: 0.00706 | H3: 1.10619e-05
A4: C3 | B4: 0.0057 | C4: 8.33312e-06 | F4: S3 | G4: 0.00639 | H4: 3.43301e-05
A5: CC1 | B5: 0.00655 | C5: 1.00936e-05 | F5: SC1 | G5: 0.00744 | H5: 8.28324e-07
A6: CC2 | B6: 0.00588 | C6: 1.27344e-05 | F6: SC2 | G6: 0.00739 | H6: 3.5894e-06
A7: CC3 | B7: 0.00657 | C7: 9.77087e-06 | F7: SC3 | G7: 0.00739 | H7: 3.89312e-06
A8: RC1 | B8: 0.0059 | C8: 1.40548e-05 | F8: RC1 | G8: 0.0059 | H8: 1.40548e-05
A9: RC2 | B9: 0.00652 | C9: 8.71456e-06 | F9: RC2 | G9: 0.00652 | H9: 8.71456e-06
A10: RC3 | B10: 0.00594 | C10: 8.53851e-06 | F10: RC3 | G10: 0.00594 | H10: 8.53851e-06
A11: C1 | B11: 0.00494 | C11: 5.80971e-05 | D11: 9 | F11: S1 | G11: 0.00588 | H11: 0.00022564 | I11: 9
A12: C2 | B12: 0.00499 | C12: 9.68285e-05 | F12: S2 | G12: 0.00599 | H12: 0.000334498
A13: C3 | B13: 0.00359 | C13: 0.000110326 | F13: S3 | G13: 0.0052 | H13: 0.000360906
A14: CC1 | B14: 0.00451 | C14: 9.91758e-05 | F14: SC1 | G14: 0.00378 | H14: 0.000139987
A15: CC2 | B15: 0.00403 | C15: 0.000152578 | F15: SC2 | G15: 0.0064 | H15: 6.68181e-05
A16: CC3 | B16: 0.00538 | C16: 0.000107392 | F16: SC3 | G16: 0.00645 | H16: 5.41171e-05
A17: RC1 | B17: 0.00511 | C17: 0.000466537 | F17: RC1 | G17: 0.00511 | H17: 0.000466537
A18: RC2 | B18: 0.00547 | C18: 0.000369709 | F18: RC2 | G18: 0.00547 | H18: 0.000369709
A19: RC3 | B19: 0.00547 | C19: 0.00019395 | F19: RC3 | G19: 0.00547 | H19: 0.00019395
A20: C1 | B20: 0.00496 | C20: 3.46235e-05 | D20: 16 | F20: S1 | G20: 0.00599 | H20: 9.36009e-05 | I20: 16
A21: C2 | B21: 0.00519 | C21: 0.000115314 | F21: S2 | G21: 0.00609 | H21: 0.000346235
A22: C3 | B22: 0.00494 | C22: 3.37433e-05 | F22: S3 | G22: 0.00493 | H22: 0.000809838
A23: CC1 | B23: 0.00506 | C23: 0.000115901 | F23: SC1 | G23: 0.00573 | H23: 0.000225304
A24: CC2 | B24: 0.00433 | C24: 0.000195711 | F24: SC2 | G24: 0.00583 | H24: 0.000339613
A25: CC3 | B25: 0.00511 | C25: 0.000107978 | F25: SC3 | G25: 0.00583 | H25: 0.000226547
A26: RC1 | B26: 0.00505 | C26: 0.001166343 | F26: RC1 | G26: 0.00505 | H26: 0.001166343
A27: RC2 | B27: 0.00536 | C27: 0.000668997 | F27: RC2 | G27: 0.00536 | H27: 0.000668997
A28: RC3 | B28: 0.0052 | C28: 0.000498813 | F28: RC3 | G28: 0.0052 | H28: 0.000498813
A29: C1 | B29: 0.00438 | C29: 2.86378e-05 | D29: 23 | F29: S1 | G29: 0.00562 | H29: 0.000166662 | I29: 23
A30: C2 | B30: 0.00431 | C30: 7.57023e-05 | F30: S2 | G30: 0.00541 | H30: 0.000513484
A31: C3 | B31: 0.00418 | C31: 3.94356e-05 | F31: S3 | G31: 0.00412 | H31: 0.000915469
A32: CC1 | B32: 0.00355 | C32: 0.000169597 | F32: SC1 | G32: 0.00242 | H32: 0.000445086
A33: CC2 | B33: 0.00321 | C33: 0.000316893 | F33: SC2 | G33: 0.00464 | H33: 0.000187201
A34: CC3 | B34: 0.00396 | C34: 0.000121769 | F34: SC3 | G34: 0.00488 | H34: 0.00027666
A35: RC1 | B35: 0.00463 | C35: 0.000514951 | F35: RC1 | G35: 0.00463 | H35: 0.000514951
A36: RC2 | B36: 0.00428 | C36: 0.00098589 | F36: RC2 | G36: 0.00428 | H36: 0.00098589
A37: RC3 | B37: 0.00472 | C37: 0.000651392 | F37: RC3 | G37: 0.00472 | H37: 0.000651392
A38: C1 | B38: 0.00396 | C38: 2.37083e-05 | D38: 30 | F38: S1 | G38: 0.00593 | H38: 0.000253515 | I38: 30
A39: C2 | B39: 0.00399 | C39: 0.000135912 | F39: S2 | G39: 0.00578 | H39: 0.000450693
A40: C3 | B40: 0.00387 | C40: 3.56798e-05 | F40: S3 | G40: 0.00403 | H40: 0.00089493
A41: CC1 | B41: 0.00351 | C41: 0.000176521 | F41: SC1 | G41: 0.00465 | H41: 0.00058811
A42: CC2 | B42: 0.00273 | C42: 0.000312199 | F42: SC2 | G42: 0.00503 | H42: 0.000415542
A43: CC3 | B43: 0.0037 | C43: 0.000151405 | F43: SC3 | G43: 0.0049 | H43: 0.000443843
A44: RC1 | B44: 0.00355 | C44: 0.001062179 | F44: RC1 | G44: 0.00355 | H44: 0.001062179
A45: RC2 | B45: 0.00333 | C45: 0.00134973 | F45: RC2 | G45: 0.00333 | H45: 0.00134973
A46: RC3 | B46: 0.00359 | C46: 0.000997627 | F46: RC3 | G46: 0.00359 | H46: 0.000997627
A47: C1 | B47: 0.00422 | C47: 4.36608e-05 | D47: 35 | F47: S1 | G47: 0.00462 | H47: 0.000253515 | I47: 35
A48: C2 | B48: 0.004 | C48: 8.91996e-05 | F48: S2 | G48: 0.00462 | H48: 0.000255862
A49: C3 | B49: 0.00403 | C49: 3.19241e-05 | F49: S3 | G49: 0.00325 | H49: 0.000836246
A50: CC1 | B50: 0.00309 | C50: 0.000210558 | F50: SC1 | G50: 0.00453 | H50: 0.000544623
A51: CC2 | B51: 0.00315 | C51: 0.000361493 | F51: SC2 | G51: 0.00459 | H51: 0.000523915
A52: CC3 | B52: 0.00261 | C52: 3.70882e-05 | F52: SC3 | G52: 0.00459 | H52: 0.00053703
A53: RC1 | B53: 0.00344 | C53: 0.000858252 | F53: RC1 | G53: 0.00344 | H53: 0.000858252
A54: RC2 | B54: 0.00296 | C54: 0.001173679 | F54: RC2 | G54: 0.00296 | H54: 0.001173679
A55: RC3 | B55: 0.00334 | C55: 0.001114995 | F55: RC3 | G55: 0.00334 | H55: 0.001114995
A56: C1 | B56: 0.00384 | C56: 3.99051e-05 | D56: 44 | F56: S1 | G56: 0.0062 | H56: 0.000204924 | I56: 44
A57: C2 | B57: 0.00406 | C57: 7.11249e-05 | F57: S2 | G57: 0.00462 | H57: 0.000165723
A58: C3 | B58: 0.00434 | C58: 1.32039e-06 | F58: S3 | G58: 0.0031 | H58: 0.000710076
A59: CC1 | B59: 0.00282 | C59: 0.00024882 | F59: SC1 | G59: 0.00425 | H59: 0.00057877
A60: CC2 | B60: 0.00212 | C60: 0.000366188 | F60: SC2 | G60: 0.00431 | H60: 0.000556764
A61: CC3 | B61: 0.00279 | C61: 0.000139668 | F61: SC3 | G61: 0.00437 | H61: 0.000570701
A62: RC1 | B62: 0.00356 | C62: 0.000733549 | F62: RC1 | G62: 0.00356 | H62: 0.000733549
A63: RC2 | B63: 0.00319 | C63: 0.000953614 | F63: RC2 | G63: 0.00319 | H63: 0.000953614
A64: RC3 | B64: 0.00334 | C64: 0.001173679 | F64: RC3 | G64: 0.00334 | H64: 0.001173679
A65: C1 | B65: 0.00412 | C65: 4.27219e-05 | D65: 51 | F65: S1 | G65: 0.00443 | H65: 0.000197413 | I65: 51
A66: C2 | B66: 0.00384 | C66: 6.47871e-05 | F66: S2 | G66: 0.00443 | H66: 0.000179573
A67: C3 | B67: 0.00418 | C67: 1.50231e-05 | F67: S3 | G67: 0.00334 | H67: 0.000410788
A68: CC1 | B68: 0.00255 | C68: 0.000267599 | F68: RC1 | G68: 0.00359 | H68: 0.001239698
A69: CC2 | B69: 0.00192 | C69: 0.000323935 | F69: RC2 | G69: 0.00305 | H69: 0.001232363
A70: CC3 | B70: 0.0027 | C70: 0.000123706 | F70: RC3 | G70: 0.00334 | H70: 0.001320388
A71: RC1 | B71: 0.00359 | C71: 0.001239698
A72: RC2 | B72: 0.00305 | C72: 0.001232363
A73: RC3 | B73: 0.00334 | C73: 0.001320388

Sheet F_IPC_MS
A1: ICP-MS analysis
A3: 2022-05-10/11/12/18
A4: Isabella Joensen
A8: Conc. RSD = The same injection analysed 3 times.
A9: Method detection limit is calculated from the calibration curve.
A10: Samples are diluted 10 fold - result is back calculated
H13: Fe 56 [ He ] | K13: Ni 60 [ He ] | M13: Cu 63 [ He ] | O13: Cr 52 [ He ] | Q13: Al 27 [ He ] | T13: P 31 [ He ]
A14: Controls (n=4) | G14: Ref. value (ug/l) | H14: 25.2 | K14: 12.4 | M14: 24.4 | O14: 12.5 | Q14: 15.0 | T14: 10.7
A15: EnvMAT driking water, Cert Ref Standard (%RSD) 100 & 2000 fold | H15: 1.2 | K15: 2.5 | M15: 2.3 | O15: 1.6 | Q15: 6.5 | T15: 29.6
A16: EnvMAT driking water, Cert Ref Standard (%Recovery) | H16: 97.9 | K16: 95.0 | M16: 94.8 | O16: 94.7 | Q16: 97.8 | T16: 97.8
D19: S 181,975 | H19: Fe 56 [ He ] | K19: Ni 60 [ He ] | M19: Cu 63 [ He ] | O19: Cr 52 [ He ] | Q19: Al 27 [ He ] | T19: P 31 [ He ]
A20: MDL (ug/l) | C20: MDL (mg/l) | D20: 5.00 | G20: MDL (ug/l) | H20: 2.00 | K20: 0.50 | M20: 0.50 | O20: 0.50 | Q20: 5.00 | S20: MDL (mg/l) | T20: 1.00
A22: Sample name | B22: Date | C22: Reactor | D22: Conc. [ mg/l ] | E22: Conc [mol/L] | F22: Conc. RSD | H22: Conc. [ ug/l ] | I22: Conc. [mol/L] | J22: Conc. RSD | K22: Conc. [ ug/l ] | L22: Conc. RSD | M22: Conc. [ ug/l ] | N22: Conc. RSD | O22: Conc. [ ug/l ] | P22: Conc. RSD | Q22: Conc. [ ug/l ] | R22: Conc. RSD | T22: Conc. [ ug/l ] | U22: Conc. RSD
A23: 1 | B23: 44643 | C23: C1 | D23: 206.26 | E23: 6.43E-03 | F23: 2.53% | H23: 72.17 | I23: 1.29E-06 | J23: 2.10% | K23: 1.66 | L23: 6.42% | M23: < 0,5 | N23: - | O23: 1.89 | P23: 12.21% | Q23: < 5 | R23: - | T23: 9.46 | U23: 2.97%
A24: 2 | B24: 44643 | C24: C2 | D24: 207.98 | E24: 6.49E-03 | F24: 0.74% | H24: 36.12 | I24: 6.47E-07 | J24: 2.51% | K24: 1.68 | L24: 10.13% | M24: < 0,5 | N24: - | O24: 2.01 | P24: 6.61% | Q24: < 5 | R24: - | T24: 10.13 | U24: 0.81%
A25: 3 | B25: 44643 | C25: C3 | D25: 192.73 | E25: 6.01E-03 | F25: 1.75% | H25: 88.49 | I25: 1.58E-06 | J25: 2.46% | K25: 1.71 | L25: 23.12% | M25: < 0,5 | N25: - | O25: 1.82 | P25: 13.45% | Q25: < 5 | R25: - | T25: 10.49 | U25: 0.90%
A26: 4 | B26: 44643 | C26: CC1 | D26: 185.26 | E26: 5.78E-03 | F26: 3.17% | H26: 48.97 | I26: 8.77E-07 | J26: 4.04% | K26: 1.58 | L26: 14.06% | M26: < 0,5 | N26: - | O26: 2.14 | P26: 6.43% | Q26: < 5 | R26: - | T26: 10.08 | U26: 3.47%
A27: 5 | B27: 44643 | C27: CC2 | D27: 168.80 | E27: 5.26E-03 | F27: 1.05% | H27: 28.10 | I27: 5.03E-07 | J27: 4.53% | K27: 1.72 | L27: 12.05% | M27: < 0,5 | N27: - | O27: 2.25 | P27: 11.76% | Q27: < 5 | R27: - | T27: 10.71 | U27: 1.88%
A28: 6 | B28: 44643 | C28: CC3 | D28: 194.28 | E28: 6.06E-03 | F28: 0.27% | H28: 52.07 | I28: 9.32E-07 | J28: 2.52% | K28: 1.39 | L28: 26.85% | M28: < 0,5 | N28: - | O28: 1.65 | P28: 20.18% | Q28: < 5 | R28: - | T28: 10.15 | U28: 0.92%
A29: 7 | B29: 44643 | C29: S1 | D29: 223.24 | E29: 6.96E-03 | F29: 1.08% | H29: 60.02 | I29: 1.07E-06 | J29: 1.19% | K29: 1.17 | L29: 12.09% | M29: < 0,5 | N29: - | O29: 1.65 | P29: 11.90% | Q29: < 5 | R29: - | T29: 7.93 | U29: 1.91%
A30: 8 | B30: 44643 | C30: S2 | D30: 228.33 | E30: 7.12E-03 | F30: 0.59% | H30: 20.90 | I30: 3.74E-07 | J30: 9.77% | K30: 1.08 | L30: 15.75% | M30: < 0,5 | N30: - | O30: 1.58 | P30: 9.29% | Q30: < 5 | R30: - | T30: 7.80 | U30: 1.44%
A31: 9 | B31: 44643 | C31: S3 | D31: 191.11 | E31: 5.96E-03 | F31: 0.57% | H31: 26.87 | I31: 4.81E-07 | J31: 2.12% | K31: 1.44 | L31: 6.56% | M31: < 0,5 | N31: - | O31: 2.00 | P31: 9.32% | Q31: < 5 | R31: - | T31: 9.58 | U31: 0.35%
A32: 10 | B32: 44643 | C32: RC1 | D32: 187.53 | E32: 5.85E-03 | F32: 0.98% | H32: 12.65 | I32: 2.26E-07 | J32: 6.68% | K32: 1.12 | L32: 6.41% | M32: 0.55 | N32: 23.16% | O32: 1.55 | P32: 3.27% | Q32: < 5 | R32: - | T32: 8.95 | U32: 1.27%
A33: 11 | B33: 44643 | C33: RC2 | D33: 197.28 | E33: 6.15E-03 | F33: 2.18% | H33: 17.44 | I33: 3.12E-07 | J33: 3.10% | K33: 1.18 | L33: 1.10% | M33: < 0,5 | N33: - | O33: 1.95 | P33: 16.24% | Q33: < 5 | R33: - | T33: 7.89 | U33: 2.87%
A34: 12 | B34: 44643 | C34: RC3 | D34: 195.61 | E34: 6.10E-03 | F34: 2.40% | H34: 16.52 | I34: 2.96E-07 | J34: 7.18% | K34: 0.99 | L34: 3.59% | M34: < 0,5 | N34: - | O34: 0.75 | P34: 12.33% | Q34: < 5 | R34: - | T34: 8.15 | U34: 1.44%
... A157: 135 | B157: 44678 | C157: CB3 | D157: 292.29 | E157: 9.12E-03 | F157: 1.87% | H157: 4.07 | I157: 7.30E-08 | J157: 12.27% | K157: 0.96 | L157: 5.67% | M157: 3.59 | N157: 1.63% | O157: < 0,5 | P157: - | Q157: < 5 | R157: - | T157: 1.15 | U157: 1.68%
A159: M_S | B159: 32065 | C159: g/mol
A160: M_Fe | B160: 55845 | C160: g/mol
A162: Difference between 1. and 5 measurement | B162: S | C162: Fe
A163: R1 | B163: 1148234966 | C163: -1.97E-03
A164: R2 | B164: 1353610402 | C164: -1.73E-03
A165: R3 | B165: 0.119905885 | C165: -6.42E-03
A166: R4 | B166: 2434437233 | C166: 6.80E-04
A167: R5 | B167: 2452716292 | C167: 3.52E-04
A168: R6 | B168: 2385588687 | C168: 6.91E-04
A169: R7 | B169: 0.109452108 | C169: 1.88E-04
A170: R8 | B170: 0.369360047 | C170: -6.49E-04
A171: R9 | B171: 1141223865 | C171: -1.00E-04
A172: R10 | B172: 1008802352 | C172: -9.14E-04
A173: R11 | B173: 1849873662 | C173: 3.26E-05
A174: R12 | B174: 1575253543 | C174: 2.06E-04
A175: R13 | B175: 1058026143 | C175: 9.99E-04
A176: R14 | B176: 1001786355 | C176: 8.34E-04
A177: R15 | B177: 1560276991 | C177: 7.38E-04
A178: B1 | B178: -0.667 | C178: 1.15E-04
A179: B2 | B179: -7811 | C179: -1.23E-03
A180: B3 | B180: -0.415 | C180: 4.30E-05
A181: B4 | B181: -0.830 | C181: 1.38E-05
A182: B5 | B182: -0.796 | C182: 8.05E-05
A183: B6 | B183: -0.857 | C183: -2.48E-05
A184: B7 | B184: -0.407 | C184: 1.80E-04
A185: B8 | B185: 0.004 | C185: 1.92E-04
A186: B9 | B186: 0.044 | C186: 3.66E-04
A187: B10 | B187: -0.243 | C187: 5.27E-04
A188: B11 | B188: -0.833 | C188: 1.75E-05
A189: B12 | B189: -0.746 | C189: 3.73E-05
